Workbook

Sheet Жами
A1: Чиптаҳоналардаги киоскалардан сотилган чипталар тўғрисида маълумотнома 01.07.2026-31.07.2026. йил.
A2: Кун | B2: Жами | D2: Онлайн тўлов | F2: Терминал тўлов
B3: Сони | C3: Сумма | D3: Сони | E3: Сумма | F3: Сони | G3: Сумма
A4: 46082 | B4: =Худудлар!B4 | C4: =Худудлар!C4 | D4: =B4-F4 | E4: =C4-G4 | F4: 111 | G4: 31379900
A5: 46083 | B5: =#REF! | C5: =#REF! | D5: =B5-F5 | E5: =C5-G5 | F5: 161 | G5: 3840670
A6: 46084 | B6: =#REF! | C6: =#REF! | D6: =B6-F6 | E6: =C6-G6
A7: 46085 | B7: =#REF! | C7: =#REF! | D7: =B7-F7 | E7: =C7-G7
A8: 46086 | B8: =#REF! | C8: =#REF! | D8: =B8-F8 | E8: =C8-G8
A9: 46087 | B9: =#REF! | C9: =#REF! | D9: =B9-F9 | E9: =C9-G9
A10: 46088 | B10: =#REF! | C10: =#REF! | D10: =B10-F10 | E10: =C10-G10
A11: 46089 | B11: =#REF! | C11: =#REF! | D11: =B11-F11 | E11: =C11-G11
A12: 46090 | B12: =#REF! | C12: =#REF! | D12: =B12-F12 | E12: =C12-G12
A13: 46091 | B13: =#REF! | C13: =#REF! | D13: =B13-F13 | E13: =C13-G13
A14: 46092 | B14: =#REF! | C14: =#REF! | D14: =B14-F14 | E14: =C14-G14
A15: 46093 | B15: =#REF! | C15: =#REF! | D15: =B15-F15 | E15: =C15-G15
A16: 46094 | B16: =#REF! | C16: =#REF! | D16: =B16-F16 | E16: =C16-G16
A17: 46095 | B17: =#REF! | C17: =#REF! | D17: =B17-F17 | E17: =C17-G17
... A33: 46111 | B33: =#REF! | C33: =#REF! | D33: =B33-F33 | E33: =C33-G33
A34: Жами | B34: =SUM(B4:B31) | C34: =SUM(C4:C31) | D34: =SUM(D4:D31) | E34: =SUM(E4:E31) | F34: =SUM(F4:F31) | G34: =SUM(G4:G31)

Sheet Худудлар
A1: Кун | B1: Жами | D1: Чиптаҳоналардаги киоскалардан сотилган чипталар тўғрисида маълумотнома 01.07.2026-31.07.2026. йил.
D2: Андижон | F2: Бухоро | H2: Хива | J2: Тошкент Жанубий | L2: Марғилон | N2: Навои | P2: Наманган | R2: Нукус | T2: Қарши | V2: Қўнғирод | X2: Қўқон | Z2: Самарқанд | AB2: Термиз | AD2: Тошкент Марказий | AF2: Урганч
B3: Сони | C3: Сумма | D3: Сони | E3: Сумма | F3: Сони | G3: Сумма | H3: Сони | I3: Сумма | J3: Сони | K3: Сумма | L3: Сони | M3: Сумма | N3: Сони | O3: Сумма | P3: Сони | Q3: Сумма | R3: Сони | S3: Сумма | T3: Сони | U3: Сумма | V3: Сони | W3: Сумма | X3: Сони | Y3: Сумма | Z3: Сони | AA3: Сумма | AB3: Сони | AC3: Сумма | AD3: Сони | AE3: Сумма | AF3: Сони | AG3: Сумма
A4: 46204 | B4: =D4+F4+H4+J4+L4+N4+P4+R4+T4+V4+X4+Z4+AB4+AD4+AF4 | C4: =E4+G4+I4+K4+M4+O4+Q4+S4+U4+W4+Y4+AA4+AC4+AE4+AG4 | D4: 9 | E4: 1755360 | F4: 23 | G4: 7135040 | H4: 0 | I4: 0 | J4: 6 | K4: 1233440 | L4: 17 | M4: 3712560 | N4: 22 | O4: 6517000 | P4: 4 | Q4: 676170 | R4: 9 | S4: 3385780 | T4: 6 | U4: 1200840 | V4: 7 | W4: 2684770 | X4: 3 | Y4: 686950 | Z4: 18 | AA4: 4444420 | AB4: 19 | AC4: 4542460 | AD4: 7 | AE4: 2975140 | AF4: 6 | AG4: 1703310
A5: 46205 | B5: =D5+F5+H5+J5+L5+N5+P5+R5+T5+V5+X5+Z5+AB5+AD5+AF5 | C5: =E5+G5+I5+K5+M5+O5+Q5+S5+U5+W5+Y5+AA5+AC5+AE5+AG5 | D5: 2 | E5: 381090 | F5: 16 | G5: 4211570 | H5: 0 | I5: 0 | J5: 15 | K5: 3219660 | L5: 18 | M5: 3800540 | N5: 1 | O5: 221800 | P5: 0 | Q5: 0 | R5: 1 | S5: 370190 | T5: 14 | U5: 4397180 | V5: 4 | W5: 1091760 | X5: 8 | Y5: 1408180 | Z5: 89 | AA5: 20273020 | AB5: 20 | AC5: 4010360 | AD5: 13 | AE5: 6675680 | AF5: 3 | AG5: 1045650
A6: 46206 | B6: =D6+F6+H6+J6+L6+N6+P6+R6+T6+V6+X6+Z6+AB6+AD6+AF6 | C6: =E6+G6+I6+K6+M6+O6+Q6+S6+U6+W6+Y6+AA6+AC6+AE6+AG6 | D6: 12 | E6: 2171330 | F6: 24 | G6: 8425720 | H6: 0 | I6: 0 | J6: 5 | K6: 1387320 | L6: 20 | M6: 3782320 | P6: 0 | Q6: 0 | R6: 12 | S6: 3141390 | T6: 18 | U6: 4605020 | V6: 3 | W6: 1060240 | X6: 0 | Y6: 0 | Z6: 43 | AA6: 11594890 | AB6: 44 | AC6: 11465540 | AD6: 1 | AE6: 245140 | AF6: 10 | AG6: 2289210
A7: 46207 | B7: =D7+F7+H7+J7+L7+N7+P7+R7+T7+V7+X7+Z7+AB7+AD7+AF7 | C7: =E7+G7+I7+K7+M7+O7+Q7+S7+U7+W7+Y7+AA7+AC7+AE7+AG7 | D7: 17 | E7: 4850170 | F7: 25 | G7: 7521400 | H7: 6 | I7: 1428200 | J7: 3 | K7: 733920 | L7: 21 | M7: 5518020 | N7: 1 | O7: 171090 | P7: 0 | Q7: 0 | R7: 4 | S7: 1654860 | T7: 7 | U7: 1474550 | V7: 9 | W7: 2963820 | X7: 11 | Y7: 1929860 | Z7: 43 | AA7: 11830420 | AB7: 0 | AC7: 0 | AD7: 14 | AE7: 4579580 | AF7: 11 | AG7: 3885290
A8: 46208 | B8: =D8+F8+H8+J8+L8+N8+P8+R8+T8+V8+X8+Z8+AB8+AD8+AF8 | C8: =E8+G8+I8+K8+M8+O8+Q8+S8+U8+W8+Y8+AA8+AC8+AE8+AG8 | D8: 3 | E8: 727500 | F8: 9 | G8: 2606550 | H8: 6 | I8: 2130930 | J8: 0 | K8: 0 | L8: 3 | M8: 587220 | N8: 0 | O8: 0 | P8: 0 | Q8: 0 | R8: 0 | S8: 0 | T8: 3 | U8: 739650 | V8: 9 | W8: 4468810 | X8: 6 | Y8: 1314690 | Z8: 28 | AA8: 7260970 | AB8: 17 | AC8: 4104780 | AD8: 6 | AE8: 2637120 | AF8: 0 | AG8: 0
A9: 46209 | B9: =D9+F9+H9+J9+L9+N9+P9+R9+T9+V9+X9+Z9+AB9+AD9+AF9 | C9: =E9+G9+I9+K9+M9+O9+Q9+S9+U9+W9+Y9+AA9+AC9+AE9+AG9 | D9: 16 | E9: 3561950 | F9: 42 | G9: 9585300 | H9: 1 | I9: 192310 | J9: 3 | K9: 699880 | L9: 6 | M9: 1296000 | N9: 0 | O9: 0 | P9: 9 | Q9: 1869780 | R9: 6 | S9: 2388340 | T9: 15 | U9: 3997470 | V9: 1 | W9: 553340 | X9: 11 | Y9: 2288800 | Z9: 84 | AA9: 19893780 | AB9: 8 | AC9: 1689610 | AD9: 7 | AE9: 2812350 | AF9: 1 | AG9: 245140
A10: 46210 | B10: =D10+F10+H10+J10+L10+N10+P10+R10+T10+V10+X10+Z10+AB10+AD10+AF10 | C10: =E10+G10+I10+K10+M10+O10+Q10+S10+U10+W10+Y10+AA10+AC10+AE10+AG10 | D10: 37 | E10: 8375800 | F10: 26 | G10: 8208270 | H10: 0 | I10: 0 | J10: 8 | K10: 1877270 | L10: 25 | M10: 5360680 | N10: 1 | O10: 429000 | P10: 5 | Q10: 680500 | R10: 5 | S10: 1212430 | T10: 7 | U10: 1855540 | V10: 2 | W10: 1160060 | X10: 14 | Y10: 2503310 | Z10: 93 | AA10: 22902400 | AB10: 6 | AC10: 1115620 | AD10: 4 | AE10: 1663360 | AF10: 2 | AG10: 3779320
A11: 46211 | B11: =D11+F11+H11+J11+L11+N11+P11+R11+T11+V11+X11+Z11+AB11+AD11+AF11 | C11: =E11+G11+I11+K11+M11+O11+Q11+S11+U11+W11+Y11+AA11+AC11+AE11+AG11 | D11: 2 | E11: 462000 | F11: 22 | G11: 6971040 | H11: 0 | I11: 0 | J11: 3 | K11: 588290 | L11: 9 | M11: 2387870 | N11: 1 | O11: 429000 | P11: 0 | Q11: 0 | R11: 11 | S11: 5573280 | T11: 6 | U11: 1405660 | V11: 7 | W11: 2619900 | X11: 8 | Y11: 1871330 | Z11: 22 | AA11: 4073680 | AB11: 0 | AC11: 0 | AD11: 16 | AE11: 3449880 | AF11: 1 | AG11: 157100
A12: 46212 | B12: =D12+F12+H12+J12+L12+N12+P12+R12+T12+V12+X12+Z12+AB12+AD12+AF12 | C12: =E12+G12+I12+K12+M12+O12+Q12+S12+U12+W12+Y12+AA12+AC12+AE12+AG12 | D12: 15 | E12: 3578200 | F12: 21 | G12: 6279080 | H12: 0 | I12: 0 | J12: 22 | K12: 4267160 | L12: 2 | M12: 342180 | N12: 1 | O12: 429000 | P12: 0 | Q12: 0 | R12: 7 | S12: 2915720 | T12: 17 | U12: 5719610 | V12: 9 | W12: 3514150 | X12: 12 | Y12: 2489600 | Z12: 41 | AA12: 9669290 | AB12: 3 | AC12: 597580 | AD12: 21 | AE12: 5223600 | AF12: 1 | AG12: 210660
A13: 46213 | B13: =D13+F13+H13+J13+L13+N13+P13+R13+T13+V13+X13+Z13+AB13+AD13+AF13 | C13: =E13+G13+I13+K13+M13+O13+Q13+S13+U13+W13+Y13+AA13+AC13+AE13+AG13 | D13: 6 | E13: 1005930 | F13: 31 | G13: 8835840 | H13: 1 | I13: 192310 | J13: 6 | K13: 1184360 | L13: 2 | M13: 433400 | N13: 0 | O13: 0 | P13: 0 | Q13: 0 | R13: 9 | S13: 2846770 | T13: 26 | U13: 4794330 | V13: 6 | W13: 2232130 | X13: 7 | Y13: 1294720 | Z13: 130 | AA13: 35846200 | AB13: 8 | AC13: 2361790 | AD13: 9 | AE13: 3110370 | AF13: 0 | AG13: 0
A14: 46214 | B14: =D14+F14+H14+J14+L14+N14+P14+R14+T14+V14+X14+Z14+AB14+AD14+AF14 | C14: =E14+G14+I14+K14+M14+O14+Q14+S14+U14+W14+Y14+AA14+AC14+AE14+AG14 | D14: 0 | E14: 0 | F14: 33 | G14: 9646150 | H14: 2 | I14: 384620 | J14: 3 | K14: 568440 | L14: 0 | M14: 0 | N14: 0 | O14: 0 | P14: 1 | Q14: 245140 | R14: 18 | S14: 9228200 | T14: 43 | U14: 9120240 | V14: 0 | W14: 0 | X14: 1 | Y14: 184960 | Z14: 93 | AA14: 19218750 | AB14: 18 | AC14: 4283280 | AD14: 8 | AE14: 3145180 | AF14: 0 | AG14: 0
A15: 46215 | B15: =D15+F15+H15+J15+L15+N15+P15+R15+T15+V15+X15+Z15+AB15+AD15+AF15 | C15: =E15+G15+I15+K15+M15+O15+Q15+S15+U15+W15+Y15+AA15+AC15+AE15+AG15 | D15: 1 | E15: 258610 | F15: 20 | G15: 5883740 | H15: 7 | I15: 2336550 | J15: 0 | K15: 0 | L15: 4 | M15: 862600 | N15: 0 | O15: 0 | P15: 0 | Q15: 0 | R15: 0 | S15: 0 | T15: 6 | U15: 1208980 | V15: 3 | W15: 1189420 | X15: 0 | Y15: 0 | Z15: 18 | AA15: 5308020 | AB15: 0 | AC15: 0 | AD15: 5 | AE15: 1680740 | AF15: 0 | AG15: 0
A16: 46216 | B16: =D16+F16+H16+J16+L16+N16+P16+R16+T16+V16+X16+Z16+AB16+AD16+AF16 | C16: =E16+G16+I16+K16+M16+O16+Q16+S16+U16+W16+Y16+AA16+AC16+AE16+AG16 | D16: 8 | E16: 1623360 | F16: 25 | G16: 6147510 | H16: 0 | I16: 0 | J16: 1 | K16: 114790 | L16: 0 | M16: 0 | N16: 0 | O16: 0 | P16: 1 | Q16: 177680 | R16: 5 | S16: 1266510 | T16: 0 | U16: 0 | V16: 3 | W16: 1057860 | X16: 24 | Y16: 5523120 | Z16: 40 | AA16: 10539730 | AB16: 1 | AC16: 245140 | AD16: 48 | AE16: 14733910 | AF16: 4 | AG16: 2730000
A17: 46217 | B17: =D17+F17+H17+J17+L17+N17+P17+R17+T17+V17+X17+Z17+AB17+AD17+AF17 | C17: =E17+G17+I17+K17+M17+O17+Q17+S17+U17+W17+Y17+AA17+AC17+AE17+AG17 | D17: 12 | E17: 2242320 | F17: 39 | G17: 11783010 | H17: 6 | I17: 1926400 | J17: 1 | K17: 202920 | L17: 0 | M17: 0 | N17: 0 | O17: 0 | P17: 0 | Q17: 0 | R17: 4 | S17: 700300 | T17: 20 | U17: 4694630 | V17: 0 | W17: 0 | X17: 0 | Y17: 0 | Z17: 119 | AA17: 30906280 | AB17: 6 | AC17: 1760800 | AD17: 10 | AE17: 1403310 | AF17: 0 | AG17: 0
A18: 46218 | B18: =D18+F18+H18+J18+L18+N18+P18+R18+T18+V18+X18+Z18+AB18+AD18+AF18 | C18: =E18+G18+I18+K18+M18+O18+Q18+S18+U18+W18+Y18+AA18+AC18+AE18+AG18 | D18: 16 | E18: 3505310 | F18: 30 | G18: 9413160 | H18: 0 | I18: 0 | J18: 2 | K18: 300180 | L18: 0 | M18: 0 | N18: 0 | O18: 0 | P18: 0 | Q18: 0 | R18: 0 | S18: 0 | T18: 14 | U18: 3695680 | V18: 0 | W18: 0 | X18: 5 | Y18: 1246700 | Z18: 43 | AA18: 10541620 | AB18: 6 | AC18: 1243940 | AD18: 9 | AE18: 3600250 | AF18: 0 | AG18: 0
... A34: 46234 | B34: =D34+F34+H34+J34+L34+N34+P34+R34+T34+V34+X34+Z34+AB34+AD34+AF34 | C34: =E34+G34+I34+K34+M34+O34+Q34+S34+U34+W34+Y34+AA34+AC34+AE34+AG34 | D34: 14 | E34: 3039540 | F34: 24 | G34: 7670660 | H34: 2 | I34: 612000 | J34: 40 | K34: 14270770 | L34: 45 | M34: 9873930 | N34: 0 | O34: 0 | P34: 8 | Q34: 2159630 | R34: 31 | S34: 12530250 | T34: 17 | U34: 2887410 | V34: 4 | W34: 1870770 | X34: 20 | Y34: 3857350 | Z34: 73 | AA34: 18301460 | AB34: 0 | AC34: 0 | AD34: 7 | AE34: 1815170 | AF34: 1 | AG34: 192310
A35: Жами | B35: =SUM(B4:B34) | C35: =SUM(C4:C34) | D35: =SUM(D4:D34) | E35: =SUM(E4:E34) | F35: =SUM(F4:F34) | G35: =SUM(G4:G34) | H35: =SUM(H4:H34) | I35: =SUM(I4:I34) | ... AG35: =SUM(AG4:AG34)

Sheet Лист1
A2: Инфокиоскалардан 1-Июнь 31-Июль кунига қадар сотилган чипталар тўғрисида маълумотнома (худудлар кесимида (сумма))
A3: № | B3: Худуд | C3: Сони | D3: Сумма
A4: 1 | B4: Самарқанд | C4: =Худудлар!Z35 | D4: =Худудлар!AA35
A5: 2 | B5: Бухоро | C5: =Худудлар!F35 | D5: =Худудлар!G35
A6: 3 | B6: Нукус | C6: =Худудлар!R35 | D6: =Худудлар!S35
A7: 4 | B7: Тошкент Жанубий | C7: =Худудлар!J35 | D7: =Худудлар!K35
A8: 5 | B8: Тошкент Шимолий | C8: =Худудлар!AD35 | D8: =Худудлар!AE35
A9: 6 | B9: Карши | C9: =Худудлар!T35 | D9: =Худудлар!U35
A10: 7 | B10: Марғилон | C10: =Худудлар!L35 | D10: =Худудлар!M35
A11: 8 | B11: Қўнғрод | C11: =Худудлар!V35 | D11: =Худудлар!W35
A12: 9 | B12: Андижон | C12: =Худудлар!D35 | D12: =Худудлар!E35
A13: 10 | B13: Термиз | C13: =Худудлар!AB35 | D13: =Худудлар!AC35
A14: 11 | B14: Қўқон | C14: =Худудлар!X35 | D14: =Худудлар!Y35
A15: 12 | B15: Урганч | C15: =Худудлар!AF35 | D15: =Худудлар!AG35
A16: 13 | B16: Хива | C16: =Худудлар!H35 | D16: =Худудлар!I35
A17: 14 | B17: Наманган | C17: =Худудлар!P35 | D17: =Худудлар!Q35
A18: 15 | B18: Навои | C18: =Худудлар!N35 | D18: =Худудлар!O35
A20: Жами: | C20: =SUM(C4:C18) | D20: =SUM(D4:D18)
A25: Инфокиоскалардан 1-Июнь 31-Июль кунига қадар сотилган чипталар тўғрисида маълумотнома (худудлар кесимида (сотилган чипталар сони))
A26: № | B26: Худуд | C26: Сони | D26: Сумма
A27: 1 | B27: Самарқанд | C27: 1480 | D27: 370227290
A28: 2 | B28: Бухоро | C28: 737 | D28: 217465760
A29: 3 | B29: Тошкент Жанубий | C29: 457 | D29: 138862370
A30: 4 | B30: Нукус | C30: 415 | D30: 162531550
A31: 5 | B31: Тошкент Шимолий | C31: 398 | D31: 133252470
A32: 6 | B32: Карши | C32: 373 | D32: 87862680
A33: 7 | B33: Марғилон | C33: 304 | D33: 63832180
A34: 8 | B34: Андижон | C34: 263 | D34: 57411800
A35: 9 | B35: Қўқон | C35: 243 | D35: 49759550
A36: 10 | B36: Термиз | C36: 221 | D36: 53706200
A37: 11 | B37: Қўнғрод | C37: 174 | D37: 62762680
A38: 12 | B38: Урганч | C38: 66 | D38: 25555020
... A41: 15 | B41: Навои | C41: 27 | D41: 8196890
A43: Жами: | C43: =SUM(C27:C41) | D43: =SUM(D27:D41)

Sheet Ойлар кесимида
A1: Чиптаҳоналардаги киоскалардан сотилган чипталар тўғрисида маълумотнома (ойлар кесимида)
A2: Худуд | B2: Жами | D2: Тошкент Марказий | F2: Тошкент Жанубий | H2: Самарканд | J2: Навои | L2: Бухоро | N2: Нукус | P2: Ургенч | R2: Хива | T2: Карши | V2: Термез | X2: Кунгрод | Z2: Андижон | AB2: Қўқон | AD2: Марғилон | AF2: Наманган
B3: Сони | C3: Сумма | D3: Сони | E3: Сумма | F3: Сони | G3: Сумма | H3: Сони | I3: Сумма | J3: Сони | K3: Сумма | L3: Сони | M3: Сумма | N3: Сони | O3: Сумма | P3: Сони | Q3: Сумма | R3: Сони | S3: Сумма | T3: Сони | U3: Сумма | V3: Сони | W3: Сумма | X3: Сони | Y3: Сумма | Z3: Сони | AA3: Сумма | AB3: Сони | AC3: Сумма | AD3: Сони | AE3: Сумма | AF3: Сони | AG3: Сумма
A4: Январь | B4: =D4+F4+H4+J4+L4+N4+P4+R4+T4+V4+X4+Z4+AB4+AD4+AF4 | C4: =E4+G4+I4+K4+M4+O4+Q4+S4+U4+W4+Y4+AA4+AC4+AE4+AG4 | D4: 393 | E4: 128161410 | F4: 159 | G4: 54581230 | H4: 573 | I4: 127638850 | J4: 60 | K4: 11090840 | L4: 68 | M4: 14072500 | N4: 212 | O4: 75296380 | P4: 90 | Q4: 21169260 | R4: 40 | S4: 10032280 | T4: 144 | U4: 29875380 | V4: 142 | W4: 29047220 | X4: 6 | Y4: 2519510 | Z4: 111 | AA4: 23775260 | AB4: 81 | AC4: 18504850 | AD4: 432 | AE4: 145134680 | AF4: 93 | AG4: 20428840
A5: Февраль | B5: =D5+F5+H5+J5+L5+N5+P5+R5+T5+V5+X5+Z5+AB5+AD5+AF5 | C5: =E5+G5+I5+K5+M5+O5+Q5+S5+U5+W5+Y5+AA5+AC5+AE5+AG5 | D5: 280 | E5: 84371130 | F5: 69 | G5: 20794540 | H5: 945 | I5: 224851440 | J5: 15 | K5: 3582380 | L5: 38 | M5: 8572500 | N5: 82 | O5: 28047020 | P5: 95 | Q5: 23630330 | R5: 37 | S5: 8684810 | T5: 50 | U5: 11934960 | V5: 205 | W5: 49185120 | X5: 3 | Y5: 998990 | Z5: 142 | AA5: 29655970 | AB5: 183 | AC5: 47086220 | AD5: 475 | AE5: 156561430 | AF5: 35 | AG5: 8078000
A6: Март | B6: =D6+F6+H6+J6+L6+N6+P6+R6+T6+V6+X6+Z6+AB6+AD6+AF6 | C6: =E6+G6+I6+K6+M6+O6+Q6+S6+U6+W6+Y6+AA6+AC6+AE6+AG6 | D6: =[1]Худудлар!D35 | E6: =[1]Худудлар!E35 | F6: =[1]Худудлар!F35 | G6: =[1]Худудлар!G35 | H6: =[1]Худудлар!H35 | I6: =[1]Худудлар!I35 | J6: =[1]Худудлар!J35 | K6: =[1]Худудлар!K35 | ... AG6: =[1]Худудлар!AG35
A7: Апрель | B7: =D7+F7+H7+J7+L7+N7+P7+R7+T7+V7+X7+Z7+AB7+AD7+AF7 | C7: =E7+G7+I7+K7+M7+O7+Q7+S7+U7+W7+Y7+AA7+AC7+AE7+AG7 | D7: 216 | E7: 63491570 | F7: 45 | G7: 10159020 | H7: 678 | I7: 154274360 | J7: 8 | K7: 2140410 | L7: 344 | M7: 82793410 | N7: 53 | O7: 14185040 | P7: 42 | Q7: 17075050 | R7: 43 | S7: 8515850 | T7: 160 | U7: 34816240 | V7: 142 | W7: 39152570 | X7: 0 | Y7: 0 | Z7: 105 | AA7: 25415290 | AB7: 100 | AC7: 21612820 | AD7: 186 | AE7: 39046330 | AF7: 34 | AG7: 8027260
A8: Май | B8: =D8+F8+H8+J8+L8+N8+P8+R8+T8+V8+X8+Z8+AB8+AD8+AF8 | C8: =E8+G8+I8+K8+M8+O8+Q8+S8+U8+W8+Y8+AA8+AC8+AE8+AG8 | D8: 371 | E8: 122824550 | F8: 91 | G8: 22632580 | H8: 856 | I8: 223402850 | J8: 20 | K8: 2955370 | L8: 423 | M8: 100384500 | N8: 180 | O8: 69428490 | P8: 53 | Q8: 14303130 | R8: 43 | S8: 8886550 | T8: 142 | U8: 29756940 | V8: 198 | W8: 46230660 | X8: 92 | Y8: 43744620 | Z8: 109 | AA8: 21501010 | AB8: 108 | AC8: 20383150 | AD8: 195 | AE8: 44705360 | AF8: 26 | AG8: 4135240
A9: Июнь | B9: =D9+F9+H9+J9+L9+N9+P9+R9+T9+V9+X9+Z9+AB9+AD9+AF9 | C9: =E9+G9+I9+K9+M9+O9+Q9+S9+U9+W9+Y9+AA9+AC9+AE9+AG9 | D9: 362 | E9: 109026850 | F9: 398 | G9: 106133150 | H9: 1251 | I9: 305409040 | J9: 15 | K9: 4161890 | L9: 846 | M9: 237115560 | N9: 232 | O9: 89055210 | P9: 188 | Q9: 53910560 | R9: 70 | S9: 19113270 | T9: 366 | U9: 84209810 | V9: 333 | W9: 73708360 | X9: 158 | Y9: 59234100 | Z9: 412 | AA9: 89233400 | AB9: 232 | AC9: 47900770 | AD9: 272 | AE9: 58793030 | AF9: 153 | AG9: 29965360
A10: Июль | B10: =D10+F10+H10+J10+L10+N10+P10+R10+T10+V10+X10+Z10+AB10+AD10+AF10 | C10: =E10+G10+I10+K10+M10+O10+Q10+S10+U10+W10+Y10+AA10+AC10+AE10+AG10 | D10: =Худудлар!AD35 | E10: =Худудлар!AE35 | F10: =Худудлар!J35 | G10: =Худудлар!K35 | H10: =Худудлар!Z35 | I10: =Худудлар!AA35 | J10: =Худудлар!N35 | K10: =Худудлар!O35 | L10: =Худудлар!F35 | M10: =Худудлар!G35 | N10: =Худудлар!R35 | O10: =Худудлар!S35 | P10: =Худудлар!AF35 | Q10: =Худудлар!AG35 | R10: =Худудлар!H35 | S10: =Худудлар!I35 | T10: =Худудлар!T35 | U10: =Худудлар!U35 | V10: =Худудлар!AB35 | W10: =Худудлар!AC35 | X10: =Худудлар!V35 | Y10: =Худудлар!W35 | Z10: =Худудлар!D35 | AA10: =Худудлар!E35 | AB10: =Худудлар!X35 | AC10: =Худудлар!Y35 | AD10: =Худудлар!L35 | AE10: =Худудлар!M35 | AF10: =Худудлар!P35 | AG10: =Худудлар!Q35
A11: Август
A12: Сентябрь
A13: Октябрь
A14: Ноябрь
A15: Декабрь
A16: Жами | B16: =SUM(B4:B15) | C16: =SUM(C4:C15) | D16: =SUM(D4:D15) | E16: =SUM(E4:E15) | F16: =SUM(F4:F15) | G16: =SUM(G4:G15) | H16: =SUM(H4:H15) | I16: =SUM(I4:I15) | ... AG16: =SUM(AG4:AG15)
