Workbook

Sheet Жами
A1: Чиптаҳоналардаги киоскалардан сотилган чипталар тўғрисида маълумотнома 01.03.2026-31.03.2026. йил.
A2: Кун | B2: Жами | D2: Онлайн тўлов | F2: Терминал тўлов
B3: Сони | C3: Сумма | D3: Сони | E3: Сумма | F3: Сони | G3: Сумма
A4: 46082 | B4: =Худудлар!B4 -> 17 | C4: =Худудлар!C4 -> 6785590 | D4: =B4-F4 -> 10 | E4: =C4-G4 -> 3711310 | F4: 7 | G4: 3074280
A5: 46083 | B5: =Худудлар!B5 -> 76 | C5: =Худудлар!C5 -> 22915710 | D5: =B5-F5 -> 31 | E5: =C5-G5 -> 10122980 | F5: 45 | G5: 12792730
A6: 46084 | B6: =Худудлар!B6 -> 131 | C6: =Худудлар!C6 -> 33978240 | D6: =B6-F6 -> 61 | E6: =C6-G6 -> 18255940 | F6: 70 | G6: 15722300
A7: 46085 | B7: =Худудлар!B7 -> 105 | C7: =Худудлар!C7 -> 22933160 | D7: =B7-F7 -> 76 | E7: =C7-G7 -> 16830980 | F7: 29 | G7: 6102180
A8: 46086 | B8: =Худудлар!B8 -> 78 | C8: =Худудлар!C8 -> 23003730 | D8: =B8-F8 -> 46 | E8: =C8-G8 -> 15107650 | F8: 32 | G8: 7896080
A9: 46087 | B9: =Худудлар!B9 -> 114 | C9: =Худудлар!C9 -> 33251310 | D9: =B9-F9 -> 38 | E9: =C9-G9 -> 13878280 | F9: 76 | G9: 19373030
A10: 46088 | B10: =Худудлар!B10 -> 89 | C10: =Худудлар!C10 -> 23734480 | D10: =B10-F10 -> 39 | E10: =C10-G10 -> 10936300 | F10: 50 | G10: 12798180
A11: 46089 | B11: =Худудлар!B11 -> 28 | C11: =Худудлар!C11 -> 7666200 | D11: =B11-F11 -> -5 | E11: =C11-G11 -> -58620 | F11: 33 | G11: 7724820
A12: 46090 | B12: =Худудлар!B12 -> 19 | C12: =Худудлар!C12 -> 7678110 | D12: =B12-F12 -> 12 | E12: =C12-G12 -> 6228500 | F12: 7 | G12: 1449610
A13: 46091 | B13: =Худудлар!B13 -> 134 | C13: =Худудлар!C13 -> 37249410 | D13: =B13-F13 -> 53 | E13: =C13-G13 -> 17292890 | F13: 81 | G13: 19956520
A14: 46092 | B14: =Худудлар!B14 -> 119 | C14: =Худудлар!C14 -> 38577410 | D14: =B14-F14 -> 30 | E14: =C14-G14 -> 15866550 | F14: 89 | G14: 22710860
A15: 46093 | B15: =Худудлар!B15 -> 0 | C15: =Худудлар!C15 -> 0 | D15: =B15-F15 -> 0 | E15: =C15-G15 -> 0 | F15: 0 | G15: 0
... A29: 46107 | B29: =Худудлар!B29 -> 43 | C29: =Худудлар!C29 -> 9551050 | D29: =B29-F29 -> 10 | E29: =C29-G29 -> 2366320 | F29: 33 | G29: 7184730
A30: 46108 | B30: =Худудлар!B30 -> 46 | C30: =Худудлар!C30 -> 12738330 | D30: =B30-F30 -> 46 | E30: =C30-G30 -> 12738330
A31: 46109 | B31: =Худудлар!B31 -> 26 | C31: =Худудлар!C31 -> 5914910 | D31: =B31-F31 -> 26 | E31: =C31-G31 -> 5914910
A32: 46110 | B32: =Худудлар!B32 -> 45 | C32: =Худудлар!C32 -> 8996600 | D32: =B32-F32 -> 45 | E32: =C32-G32 -> 8996600
A33: 46111 | B33: =Худудлар!B33 -> 50 | C33: =Худудлар!C33 -> 13196110 | D33: =B33-F33 -> 50 | E33: =C33-G33 -> 13196110
A34: 46112 | B34: =Худудлар!B34 -> 30 | C34: =Худудлар!C34 -> 8455130 | D34: =B34-F34 -> 30 | E34: =C34-G34 -> 8455130
A35: Жами | B35: =SUM(B4:B31) -> 1391 | C35: =SUM(C4:C31) -> 376629820 | D35: =SUM(D4:D31) -> 644 | E35: =SUM(E4:E31) -> 190725580 | F35: =SUM(F4:F31) -> 747 | G35: =SUM(G4:G31) -> 185904240

Sheet Худудлар
A1: Кун | B1: Жами | D1: Чиптаҳоналардаги киоскалардан сотилган чипталар тўғрисида маълумотнома 01.03.2026-31.03.2026. йил.
D2: Тошкент Марказий | F2: Тошкент Жанубий | H2: Самарканд | J2: Навои | L2: Бухоро | N2: Нукус | P2: Ургенч | R2: Хива | T2: Карши | V2: Термез | X2: Кунгрод | Z2: Андижон | AB2: Қўқон | AD2: Марғилон | AF2: Наманган
B3: Сони | C3: Сумма | D3: Сони | E3: Сумма | F3: Сони | G3: Сумма | H3: Сони | I3: Сумма | J3: Сони | K3: Сумма | L3: Сони | M3: Сумма | N3: Сони | O3: Сумма | P3: Сони | Q3: Сумма | R3: Сони | S3: Сумма | T3: Сони | U3: Сумма | V3: Сони | W3: Сумма | X3: Сони | Y3: Сумма | Z3: Сони | AA3: Сумма | AB3: Сони | AC3: Сумма | AD3: Сони | AE3: Сумма | AF3: Сони | AG3: Сумма
A4: 46082 | B4: =D4+F4+H4+J4+L4+N4+P4+R4+T4+V4+X4+Z4+AB4+AD4+AF4 -> 17 | C4: =E4+G4+I4+K4+M4+O4+Q4+S4+U4+W4+Y4+AA4+AC4+AE4+AG4 -> 6785590 | D4: 0 | E4: 0 | F4: 2 | G4: 783070 | H4: 3 | I4: 1221000 | J4: 0 | K4: 0 | L4: 2 | M4: 1363000 | N4: 3 | O4: 750060 | P4: 3 | Q4: 735420 | R4: 0 | S4: 0 | T4: 0 | U4: 0 | V4: 0 | W4: 0 | X4: 0 | Y4: 0 | Z4: 0 | AA4: 0 | AB4: 0 | AC4: 0 | AD4: 4 | AE4: 1933040 | AF4: 0 | AG4: 0
A5: 46083 | B5: =D5+F5+H5+J5+L5+N5+P5+R5+T5+V5+X5+Z5+AB5+AD5+AF5 -> 76 | C5: =E5+G5+I5+K5+M5+O5+Q5+S5+U5+W5+Y5+AA5+AC5+AE5+AG5 -> 22915710 | D5: 14 | E5: 5582500 | F5: 0 | G5: 0 | H5: 28 | I5: 6701660 | J5: 0 | K5: 0 | L5: 0 | M5: 0 | N5: 7 | O5: 1949950 | P5: 2 | Q5: 518080 | R5: 0 | S5: 0 | T5: 1 | U5: 429000 | V5: 1 | W5: 90390 | X5: 1 | Y5: 258610 | Z5: 5 | AA5: 979120 | AB5: 4 | AC5: 1059990 | AD5: 12 | AE5: 5042200 | AF5: 1 | AG5: 304210
A6: 46084 | B6: =D6+F6+H6+J6+L6+N6+P6+R6+T6+V6+X6+Z6+AB6+AD6+AF6 -> 131 | C6: =E6+G6+I6+K6+M6+O6+Q6+S6+U6+W6+Y6+AA6+AC6+AE6+AG6 -> 33978240 | D6: 4 | E6: 1626420 | F6: 3 | G6: 748890 | H6: 45 | I6: 9699470 | J6: 0 | K6: 0 | L6: 0 | M6: 0 | N6: 18 | O6: 5336820 | P6: 16 | Q6: 4433690 | R6: 0 | S6: 0 | T6: 4 | U6: 833930 | V6: 11 | W6: 2362170 | X6: 0 | Y6: 0 | Z6: 11 | AA6: 1965360 | AB6: 12 | AC6: 5450310 | AD6: 2 | AE6: 408700 | AF6: 5 | AG6: 1112480
A7: 46085 | B7: =D7+F7+H7+J7+L7+N7+P7+R7+T7+V7+X7+Z7+AB7+AD7+AF7 -> 105 | C7: =E7+G7+I7+K7+M7+O7+Q7+S7+U7+W7+Y7+AA7+AC7+AE7+AG7 -> 22933160 | D7: 16 | E7: 5049290 | F7: 0 | G7: 0 | H7: 63 | I7: 10882890 | J7: 1 | K7: 171090 | L7: 0 | M7: 0 | N7: 4 | O7: 1581710 | P7: 2 | Q7: 697100 | R7: 0 | S7: 0 | T7: 5 | U7: 1203290 | V7: 1 | W7: 304210 | X7: 0 | Y7: 0 | Z7: 4 | AA7: 771460 | AB7: 5 | AC7: 856110 | AD7: 4 | AE7: 1416010 | AF7: 0 | AG7: 0
A8: 46086 | B8: =D8+F8+H8+J8+L8+N8+P8+R8+T8+V8+X8+Z8+AB8+AD8+AF8 -> 78 | C8: =E8+G8+I8+K8+M8+O8+Q8+S8+U8+W8+Y8+AA8+AC8+AE8+AG8 -> 23003730 | D8: 8 | E8: 2600910 | F8: 6 | G8: 1372890 | H8: 33 | I8: 6599770 | J8: 2 | K8: 493100 | L8: 2 | M8: 553640 | N8: 3 | O8: 695210 | P8: 3 | Q8: 1581810 | R8: 0 | S8: 0 | T8: 6 | U8: 2610340 | V8: 0 | W8: 0 | X8: 0 | Y8: 0 | Z8: 10 | AA8: 2393330 | AB8: 1 | AC8: 142980 | AD8: 4 | AE8: 3959750 | AF8: 0 | AG8: 0
A9: 46087 | B9: =D9+F9+H9+J9+L9+N9+P9+R9+T9+V9+X9+Z9+AB9+AD9+AF9 -> 114 | C9: =E9+G9+I9+K9+M9+O9+Q9+S9+U9+W9+Y9+AA9+AC9+AE9+AG9 -> 33251310 | D9: 41 | E9: 10442870 | F9: 7 | G9: 1200670 | H9: 28 | I9: 6772450 | J9: 0 | K9: 0 | L9: 3 | M9: 1351100 | N9: 2 | O9: 740380 | P9: 2 | Q9: 490280 | R9: 1 | S9: 200060 | T9: 8 | U9: 2519750 | V9: 2 | W9: 754960 | X9: 0 | Y9: 0 | Z9: 1 | AA9: 150090 | AB9: 11 | AC9: 6958460 | AD9: 8 | AE9: 1670240 | AF9: 0 | AG9: 0
A10: 46088 | B10: =D10+F10+H10+J10+L10+N10+P10+R10+T10+V10+X10+Z10+AB10+AD10+AF10 -> 89 | C10: =E10+G10+I10+K10+M10+O10+Q10+S10+U10+W10+Y10+AA10+AC10+AE10+AG10 -> 23734480 | D10: 24 | E10: 7618880 | F10: 0 | G10: 0 | H10: 3 | I10: 568440 | J10: 0 | K10: 0 | L10: 0 | M10: 0 | N10: 4 | O10: 1062540 | P10: 4 | Q10: 980560 | R10: 1 | S10: 192310 | T10: 8 | U10: 1733800 | V10: 1 | W10: 141410 | X10: 0 | Y10: 0 | Z10: 3 | AA10: 471300 | AB10: 0 | AC10: 0 | AD10: 38 | AE10: 10381410 | AF10: 3 | AG10: 583830
A11: 46089 | B11: =D11+F11+H11+J11+L11+N11+P11+R11+T11+V11+X11+Z11+AB11+AD11+AF11 -> 28 | C11: =E11+G11+I11+K11+M11+O11+Q11+S11+U11+W11+Y11+AA11+AC11+AE11+AG11 -> 7666200 | D11: 0 | E11: 0 | F11: 1 | G11: 215650 | H11: 0 | I11: 0 | J11: 2 | K11: 508740 | L11: 0 | M11: 0 | N11: 2 | O11: 740380 | P11: 0 | Q11: 0 | R11: 0 | S11: 0 | T11: 4 | U11: 958320 | V11: 0 | W11: 0 | X11: 0 | Y11: 0 | Z11: 1 | AA11: 202920 | AB11: 2 | AC11: 1656050 | AD11: 16 | AE11: 3384140 | AF11: 0 | AG11: 0
A12: 46090 | B12: =D12+F12+H12+J12+L12+N12+P12+R12+T12+V12+X12+Z12+AB12+AD12+AF12 -> 19 | C12: =E12+G12+I12+K12+M12+O12+Q12+S12+U12+W12+Y12+AA12+AC12+AE12+AG12 -> 7678110 | D12: 0 | E12: 0 | F12: 0 | G12: 0 | H12: 7 | I12: 2525140 | J12: 1 | K12: 171090 | L12: 2 | M12: 553640 | N12: 1 | O12: 258610 | P12: 0 | Q12: 0 | R12: 0 | S12: 0 | T12: 1 | U12: 246550 | V12: 1 | W12: 216700 | X12: 0 | Y12: 0 | Z12: 4 | AA12: 843090 | AB12: 2 | AC12: 2863290 | AD12: 0 | AE12: 0 | AF12: 0 | AG12: 0
A13: 46091 | B13: =D13+F13+H13+J13+L13+N13+P13+R13+T13+V13+X13+Z13+AB13+AD13+AF13 -> 134 | C13: =E13+G13+I13+K13+M13+O13+Q13+S13+U13+W13+Y13+AA13+AC13+AE13+AG13 -> 37249410 | D13: 22 | E13: 5886450 | F13: 3 | G13: 897900 | H13: 31 | I13: 8414280 | J13: 0 | K13: 0 | L13: 1 | M13: 276820 | N13: 20 | O13: 5978180 | P13: 4 | Q13: 896120 | R13: 0 | S13: 0 | T13: 6 | U13: 1344380 | V13: 1 | W13: 216700 | X13: 0 | Y13: 0 | Z13: 9 | AA13: 1730250 | AB13: 0 | AC13: 0 | AD13: 37 | AE13: 11608330 | AF13: 0 | AG13: 0
A14: 46092 | B14: =D14+F14+H14+J14+L14+N14+P14+R14+T14+V14+X14+Z14+AB14+AD14+AF14 -> 119 | C14: =E14+G14+I14+K14+M14+O14+Q14+S14+U14+W14+Y14+AA14+AC14+AE14+AG14 -> 38577410 | D14: 5 | E14: 1026280 | F14: 1 | G14: 142980 | H14: 53 | I14: 13640690 | J14: 0 | K14: 0 | L14: 7 | M14: 2350280 | N14: 5 | O14: 1348940 | P14: 0 | Q14: 0 | R14: 0 | S14: 0 | T14: 2 | U14: 462060 | V14: 21 | W14: 5705830 | Z14: 2 | AA14: 458130 | AB14: 1 | AC14: 136100 | AD14: 19 | AE14: 12718880 | AF14: 3 | AG14: 587240
A15: 46093 | B15: =D15+F15+H15+J15+L15+N15+P15+R15+T15+V15+X15+Z15+AB15+AD15+AF15 -> 0 | C15: =E15+G15+I15+K15+M15+O15+Q15+S15+U15+W15+Y15+AA15+AC15+AE15+AG15 -> 0 | D15: 0 | E15: 0 | F15: 0 | G15: 0 | H15: 0 | I15: 0 | J15: 0 | K15: 0 | L15: 0 | M15: 0 | N15: 0 | O15: 0 | P15: 0 | Q15: 0 | R15: 0 | S15: 0 | T15: 0 | U15: 0 | V15: 0 | W15: 0 | X15: 0 | Y15: 0 | Z15: 0 | AA15: 0 | AB15: 0 | AC15: 0 | AD15: 0 | AE15: 0 | AF15: 0 | AG15: 0
A16: 46094 | B16: =D16+F16+H16+J16+L16+N16+P16+R16+T16+V16+X16+Z16+AB16+AD16+AF16 -> 1 | C16: =E16+G16+I16+K16+M16+O16+Q16+S16+U16+W16+Y16+AA16+AC16+AE16+AG16 -> 429000 | D16: 1 | E16: 429000 | F16: 0 | G16: 0 | H16: 0 | I16: 0 | J16: 0 | K16: 0 | L16: 0 | M16: 0 | N16: 0 | O16: 0 | P16: 0 | Q16: 0 | R16: 0 | S16: 0 | T16: 0 | U16: 0 | V16: 0 | W16: 0 | X16: 0 | Y16: 0 | Z16: 0 | AA16: 0 | AB16: 0 | AC16: 0 | AD16: 0 | AE16: 0 | AF16: 0 | AG16: 0
A17: 46095 | B17: =D17+F17+H17+J17+L17+N17+P17+R17+T17+V17+X17+Z17+AB17+AD17+AF17 -> 22 | C17: =E17+G17+I17+K17+M17+O17+Q17+S17+U17+W17+Y17+AA17+AC17+AE17+AG17 -> 4947560 | D17: 21 | E17: 4769880 | F17: 0 | G17: 0 | H17: 0 | I17: 0 | J17: 0 | K17: 0 | L17: 0 | M17: 0 | N17: 0 | O17: 0 | P17: 0 | Q17: 0 | R17: 0 | S17: 0 | T17: 0 | U17: 0 | V17: 0 | W17: 0 | X17: 0 | Y17: 0 | Z17: 0 | AA17: 0 | AB17: 0 | AC17: 0 | AD17: 0 | AE17: 0 | AF17: 1 | AG17: 177680
A18: 46096 | B18: =D18+F18+H18+J18+L18+N18+P18+R18+T18+V18+X18+Z18+AB18+AD18+AF18 -> 2 | C18: =E18+G18+I18+K18+M18+O18+Q18+S18+U18+W18+Y18+AA18+AC18+AE18+AG18 -> 490280 | D18: 0 | E18: 0 | F18: 0 | G18: 0 | H18: 0 | I18: 0 | J18: 0 | K18: 0 | L18: 0 | M18: 0 | N18: 0 | O18: 0 | P18: 0 | Q18: 0 | R18: 0 | S18: 0 | T18: 0 | U18: 0 | V18: 0 | W18: 0 | X18: 0 | Y18: 0 | Z18: 0 | AA18: 0 | AB18: 0 | AC18: 0 | AD18: 0 | AE18: 0 | AF18: 2 | AG18: 490280
A19: 46097 | B19: =D19+F19+H19+J19+L19+N19+P19+R19+T19+V19+X19+Z19+AB19+AD19+AF19 -> 31 | C19: =E19+G19+I19+K19+M19+O19+Q19+S19+U19+W19+Y19+AA19+AC19+AE19+AG19 -> 7865360 | D19: 3 | E19: 1074710 | F19: 0 | G19: 0 | H19: 14 | I19: 3378570 | L19: 0 | M19: 0 | N19: 5 | O19: 1608850 | P19: 0 | Q19: 0 | R19: 0 | S19: 0 | T19: 4 | U19: 1017730 | V19: 0 | W19: 0 | X19: 0 | Y19: 0 | Z19: 5 | AA19: 785500 | AB19: 0 | AC19: 0 | AD19: 0 | AE19: 0 | AF19: 0 | AG19: 0
A20: 46098 | B20: =D20+F20+H20+J20+L20+N20+P20+R20+T20+V20+X20+Z20+AB20+AD20+AF20 -> 42 | C20: =E20+G20+I20+K20+M20+O20+Q20+S20+U20+W20+Y20+AA20+AC20+AE20+AG20 -> 11170100 | D20: 7 | E20: 1830340 | F20: 0 | G20: 0 | H20: 0 | I20: 0 | J20: 1 | K20: 171090 | L20: 1 | M20: 276820 | N20: 8 | O20: 3077900 | P20: 1 | Q20: 245140 | R20: 1 | S20: 300560 | T20: 11 | U20: 2904950 | V20: 0 | W20: 0 | X20: 0 | Y20: 0 | Z20: 6 | AA20: 900540 | AB20: 0 | AC20: 0 | AD20: 6 | AE20: 1462760 | AF20: 0 | AG20: 0
A21: 46099 | B21: =D21+F21+H21+J21+L21+N21+P21+R21+T21+V21+X21+Z21+AB21+AD21+AF21 -> 25 | C21: =E21+G21+I21+K21+M21+O21+Q21+S21+U21+W21+Y21+AA21+AC21+AE21+AG21 -> 6743960 | D21: 0 | E21: 0 | F21: 2 | G21: 1667040 | H21: 4 | I21: 879680 | J21: 0 | K21: 0 | L21: 1 | M21: 150090 | N21: 0 | O21: 0 | P21: 0 | Q21: 0 | R21: 1 | S21: 245140 | T21: 3 | U21: 381740 | V21: 1 | W21: 304210 | X21: 0 | Y21: 0 | Z21: 5 | AA21: 1219580 | AB21: 0 | AC21: 0 | AD21: 8 | AE21: 1896480 | AF21: 0 | AG21: 0
A22: 46100 | B22: =D22+F22+H22+J22+L22+N22+P22+R22+T22+V22+X22+Z22+AB22+AD22+AF22 -> 41 | C22: =E22+G22+I22+K22+M22+O22+Q22+S22+U22+W22+Y22+AA22+AC22+AE22+AG22 -> 8694770 | D22: 14 | E22: 3383040 | F22: 9 | G22: 1713760 | H22: 13 | I22: 2539670 | J22: 0 | K22: 0 | L22: 0 | M22: 0 | N22: 5 | O22: 1058300 | P22: 0 | Q22: 0 | R22: 0 | S22: 0 | T22: 0 | U22: 0 | V22: 0 | W22: 0 | X22: 0 | Y22: 0 | Z22: 0 | AA22: 0 | AB22: 0 | AC22: 0 | AD22: 0 | AE22: 0 | AF22: 0 | AG22: 0
A23: 46101 | B23: =D23+F23+H23+J23+L23+N23+P23+R23+T23+V23+X23+Z23+AB23+AD23+AF23 -> 16 | C23: =E23+G23+I23+K23+M23+O23+Q23+S23+U23+W23+Y23+AA23+AC23+AE23+AG23 -> 3830490 | D23: 8 | E23: 2110280 | F23: 0 | G23: 0 | H23: 0 | I23: 0 | J23: 0 | K23: 0 | L23: 0 | M23: 0 | N23: 0 | O23: 0 | P23: 0 | Q23: 0 | R23: 0 | S23: 0 | T23: 1 | U23: 232610 | V23: 6 | W23: 1211470 | X23: 0 | Y23: 0 | Z23: 0 | AA23: 0 | AB23: 0 | AC23: 0 | AD23: 1 | AE23: 276130 | AF23: 0 | AG23: 0
A24: 46102 | B24: =D24+F24+H24+J24+L24+N24+P24+R24+T24+V24+X24+Z24+AB24+AD24+AF24 -> 16 | C24: =E24+G24+I24+K24+M24+O24+Q24+S24+U24+W24+Y24+AA24+AC24+AE24+AG24 -> 4100230 | D24: 8 | E24: 2045670 | F24: 0 | G24: 0 | H24: 1 | I24: 221800 | J24: 0 | K24: 0 | L24: 0 | M24: 0 | N24: 4 | O24: 1089560 | P24: 0 | Q24: 0 | R24: 0 | S24: 0 | T24: 1 | U24: 429000 | V24: 0 | W24: 0 | X24: 0 | Y24: 0 | Z24: 2 | AA24: 314200 | AB24: 0 | AC24: 0 | AD24: 0 | AE24: 0 | AF24: 0 | AG24: 0
A25: 46103 | B25: =D25+F25+H25+J25+L25+N25+P25+R25+T25+V25+X25+Z25+AB25+AD25+AF25 -> 5 | C25: =E25+G25+I25+K25+M25+O25+Q25+S25+U25+W25+Y25+AA25+AC25+AE25+AG25 -> 963880 | D25: 0 | E25: 0 | F25: 1 | G25: 150090 | H25: 0 | I25: 0 | J25: 0 | K25: 0 | L25: 0 | M25: 0 | N25: 0 | O25: 0 | P25: 0 | Q25: 0 | R25: 1 | S25: 348550 | T25: 1 | U25: 150090 | V25: 0 | W25: 0 | X25: 0 | Y25: 0 | Z25: 0 | AA25: 0 | AB25: 0 | AC25: 0 | AD25: 2 | AE25: 315150 | AF25: 0 | AG25: 0
A26: 46104 | B26: =D26+F26+H26+J26+L26+N26+P26+R26+T26+V26+X26+Z26+AB26+AD26+AF26 -> 52 | C26: =E26+G26+I26+K26+M26+O26+Q26+S26+U26+W26+Y26+AA26+AC26+AE26+AG26 -> 12284800 | D26: 21 | E26: 5682000 | F26: 1 | G26: 243750 | H26: 0 | I26: 0 | J26: 0 | K26: 0 | L26: 3 | M26: 618500 | N26: 3 | O26: 533970 | P26: 4 | Q26: 888280 | R26: 0 | S26: 0 | T26: 6 | U26: 1148160 | V26: 4 | W26: 760210 | X26: 0 | Y26: 0 | Z26: 0 | AA26: 0 | AB26: 4 | AC26: 1148160 | AD26: 3 | AE26: 847440 | AF26: 3 | AG26: 414330
A27: 46105 | B27: =D27+F27+H27+J27+L27+N27+P27+R27+T27+V27+X27+Z27+AB27+AD27+AF27 -> 45 | C27: =E27+G27+I27+K27+M27+O27+Q27+S27+U27+W27+Y27+AA27+AC27+AE27+AG27 -> 10080030 | D27: 14 | E27: 3459560 | F27: 0 | G27: 0 | H27: 20 | I27: 3490620 | J27: 0 | K27: 0 | L27: 0 | M27: 0 | N27: 2 | O27: 487500 | P27: 0 | Q27: 0 | R27: 0 | S27: 0 | T27: 0 | U27: 0 | V27: 7 | W27: 2321580 | X27: 0 | Y27: 0 | Z27: 2 | AA27: 320770 | AB27: 0 | AC27: 0 | AD27: 0 | AE27: 0 | AF27: 0 | AG27: 0
A28: 46106 | B28: =D28+F28+H28+J28+L28+N28+P28+R28+T28+V28+X28+Z28+AB28+AD28+AF28 -> 68 | C28: =E28+G28+I28+K28+M28+O28+Q28+S28+U28+W28+Y28+AA28+AC28+AE28+AG28 -> 19051720 | D28: 26 | E28: 9446910 | F28: 1 | G28: 348550 | H28: 24 | I28: 5811740 | J28: 0 | K28: 0 | L28: 6 | M28: 1302990 | N28: 0 | O28: 0 | Q28: 0 | R28: 0 | S28: 0 | T28: 0 | U28: 0 | V28: 0 | W28: 0 | X28: 0 | Y28: 0 | Z28: 5 | AA28: 1286450 | AB28: 0 | AC28: 0 | AD28: 6 | AE28: 855080 | AF28: 0 | AG28: 0
A29: 46107 | B29: =D29+F29+H29+J29+L29+N29+P29+R29+T29+V29+X29+Z29+AB29+AD29+AF29 -> 43 | C29: =E29+G29+I29+K29+M29+O29+Q29+S29+U29+W29+Y29+AA29+AC29+AE29+AG29 -> 9551050 | D29: 7 | E29: 1522290 | F29: 1 | G29: 230060 | H29: 16 | I29: 3668600 | L29: 14 | M29: 2846940 | R29: 0 | T29: 2 | U29: 619450 | AB29: 1 | AC29: 245140 | AD29: 1 | AE29: 215650 | AF29: 1 | AG29: 202920
A30: 46108 | B30: =D30+F30+H30+J30+L30+N30+P30+R30+T30+V30+X30+Z30+AB30+AD30+AF30 -> 46 | C30: =E30+G30+I30+K30+M30+O30+Q30+S30+U30+W30+Y30+AA30+AC30+AE30+AG30 -> 12738330 | D30: 14 | E30: 3477940 | H30: 8 | I30: 3967130 | L30: 9 | M30: 1870690 | P30: 4 | Q30: 764200 | R30: 0 | S30: 0 | T30: 3 | U30: 739650 | V30: 8 | W30: 1918720
A31: 46109 | B31: =D31+F31+H31+J31+L31+N31+P31+R31+T31+V31+X31+Z31+AB31+AD31+AF31 -> 26 | C31: =E31+G31+I31+K31+M31+O31+Q31+S31+U31+W31+Y31+AA31+AC31+AE31+AG31 -> 5914910 | D31: 7 | E31: 1842220 | H31: 13 | I31: 3007050 | P31: 1 | Q31: 301030 | R31: 0 | S31: 0 | V31: 1 | W31: 90390 | Z31: 3 | AA31: 471300 | AF31: 1 | AG31: 202920
A32: 46110 | B32: =D32+F32+H32+J32+L32+N32+P32+R32+T32+V32+X32+Z32+AB32+AD32+AF32 -> 45 | C32: =E32+G32+I32+K32+M32+O32+Q32+S32+U32+W32+Y32+AA32+AC32+AE32+AG32 -> 8996600 | D32: 5 | E32: 1312850 | H32: 25 | I32: 4884790 | L32: 2 | M32: 553640 | R32: 0 | S32: 0 | V32: 7 | W32: 1065160 | AD32: 6 | AE32: 1180160
A33: 46111 | B33: =D33+F33+H33+J33+L33+N33+P33+R33+T33+V33+X33+Z33+AB33+AD33+AF33 -> 50 | C33: =E33+G33+I33+K33+M33+O33+Q33+S33+U33+W33+Y33+AA33+AC33+AE33+AG33 -> 13196110 | D33: 2 | E33: 1018000 | H33: 17 | I33: 3343940 | L33: 11 | M33: 3345930 | N33: 2 | O33: 355980 | P33: 4 | Q33: 980530 | R33: 0 | S33: 0 | T33: 4 | U33: 958320 | Z33: 8 | AA33: 2400820 | AD33: 2 | AE33: 792590
A34: 46112 | B34: =D34+F34+H34+J34+L34+N34+P34+R34+T34+V34+X34+Z34+AB34+AD34+AF34 -> 30 | C34: =E34+G34+I34+K34+M34+O34+Q34+S34+U34+W34+Y34+AA34+AC34+AE34+AG34 -> 8455130 | D34: 8 | E34: 2132360 | F34: 1 | G34: 304210 | H34: 5 | I34: 1163040 | J34: 1 | K34: 304210 | L34: 4 | M34: 2171300 | N34: 3 | O34: 533970 | R34: 3 | S34: 576930 | T34: 5 | U34: 1269110
A35: Жами | B35: =SUM(B4:B31) -> 1391 | C35: =SUM(C4:C31) -> 376629820 | D35: =SUM(D4:D34) -> 300 | E35: =SUM(E4:E34) -> 85370650 | F35: =SUM(F4:F34) -> 39 | G35: =SUM(G4:G34) -> 10019510 | H35: =SUM(H4:H34) -> 454 | I35: =SUM(I4:I34) -> 103382420 | J35: =SUM(J4:J34) -> 8 | K35: =SUM(K4:K34) -> 1819320 | ... AG35: =SUM(AG4:AG34) -> 4075890

Sheet Лист1
A1: Инфокиоскалардан 1-Мартдан 31-Март кунига қадар сотилган чипталар тўғрисида маълумотнома (худудлар кесимида (сумма))
A2: № | B2: Худуд | C2: Сони | D2: Сумма
A3: 1 | B3: Самарқанд | C3: =Худудлар!H35 -> 454 | D3: =Худудлар!I35 -> 103382420
A4: 2 | B4: Тошкент Шимолий | C4: =Худудлар!D35 -> 300 | D4: =Худудлар!E35 -> 85370650
A5: 3 | B5: Марғилон | C5: =Худудлар!AD35 -> 179 | D5: =Худудлар!AE35 -> 60364140
A6: 4 | B6: Нукус | C6: =Худудлар!N35 -> 101 | D6: =Худудлар!O35 -> 29188810
A7: 5 | B7: Қўқон | C7: =Худудлар!AB35 -> 43 | D7: =Худудлар!AC35 -> 20516590
A8: 6 | B8: Карши | C8: =Худудлар!T35 -> 86 | D8: =Худудлар!U35 -> 22192230
A9: 7 | B9: Андижон | C9: =Худудлар!Z35 -> 86 | D9: =Худудлар!AA35 -> 17664210
A10: 8 | B10: Термиз | C10: =Худудлар!V35 -> 73 | D10: =Худудлар!W35 -> 17464110
A11: 9 | B11: Урганч | C11: =Худудлар!P35 -> 50 | D11: =Худудлар!Q35 -> 13512240
A12: 10 | B12: Тошкент Жанубий | C12: =Худудлар!F35 -> 39 | D12: =Худудлар!G35 -> 10019510
A13: 11 | B13: Бухоро | C13: =Худудлар!L35 -> 68 | D13: =Худудлар!M35 -> 19585380
A14: 12 | B14: Наманган | C14: =Худудлар!AF35 -> 20 | D14: =Худудлар!AG35 -> 4075890
A15: 13 | B15: Навои | C15: =Худудлар!J35 -> 8 | D15: =Худудлар!K35 -> 1819320
A16: 14 | B16: Хива | C16: =Худудлар!R35 -> 8 | D16: =Худудлар!S35 -> 1863550
A17: 15 | B17: Қўнғрод | C17: =Худудлар!X35 -> 1 | D17: =Худудлар!Y35 -> 258610
A19: Жами: | C19: =SUM(C3:C17) -> 1516 | D19: =SUM(D3:D17) -> 407277660
A21: Инфокиоскалардан 1-Мартдан 31-Март кунига қадар сотилган чипталар тўғрисида маълумотнома (худудлар кесимида (сотилган чипталар сони))
A22: № | B22: Худуд | C22: Сони | D22: Сумма
A23: 1 | B23: Самарқанд | C23: =Худудлар!H35 -> 454 | D23: =Худудлар!I35 -> 103382420
A24: 2 | B24: Тошкент Шимолий | C24: =Худудлар!D35 -> 300 | D24: =Худудлар!E35 -> 85370650
A25: 3 | B25: Марғилон | C25: =Худудлар!AD35 -> 179 | D25: =Худудлар!AE35 -> 60364140
A26: 4 | B26: Нукус | C26: =Худудлар!N35 -> 101 | D26: =Худудлар!O35 -> 29188810
A27: 5 | B27: Андижон | C27: =Худудлар!Z35 -> 86 | D27: =Худудлар!AA35 -> 17664210
A28: 6 | B28: Карши | C28: =Худудлар!T35 -> 86 | D28: =Худудлар!U35 -> 22192230
A29: 7 | B29: Термиз | C29: =Худудлар!V35 -> 73 | D29: =Худудлар!W35 -> 17464110
A30: 8 | B30: Қўқон | C30: =Худудлар!AB35 -> 43 | D30: =Худудлар!AC35 -> 20516590
A31: 9 | B31: Урганч | C31: =Худудлар!P35 -> 50 | D31: =Худудлар!Q35 -> 13512240
A32: 10 | B32: Тошкент Жанубий | C32: =Худудлар!F35 -> 39 | D32: =Худудлар!G35 -> 10019510
A33: 11 | B33: Бухоро | C33: =Худудлар!L35 -> 68 | D33: =Худудлар!M35 -> 19585380
A34: 12 | B34: Наманган | C34: =Худудлар!AF35 -> 20 | D34: =Худудлар!AG35 -> 4075890
A35: 13 | B35: Навои | C35: =Худудлар!J35 -> 8 | D35: =Худудлар!K35 -> 1819320
A36: 14 | B36: Хива | C36: =Худудлар!R35 -> 8 | D36: =Худудлар!S35 -> 1863550
A37: 15 | B37: Қўнғрод | C37: =Худудлар!X35 -> 1 | D37: =Худудлар!Y35 -> 258610
A39: Жами: | C39: =SUM(C23:C37) -> 1516 | D39: =SUM(D23:D37) -> 407277660

Sheet Ойлар кесимида
A1: Чиптаҳоналардаги киоскалардан сотилган чипталар тўғрисида маълумотнома (ойлар кесимида)
A2: Худуд | B2: Тошкент Марказий | D2: Тошкент Жанубий | F2: Самарканд | H2: Навои | J2: Бухоро | L2: Нукус | N2: Ургенч | P2: Хива | R2: Карши | T2: Термез | V2: Кунгрод | X2: Андижон | Z2: Қўқон | AB2: Марғилон | AD2: Наманган
B3: Сони | C3: Сумма | D3: Сони | E3: Сумма | F3: Сони | G3: Сумма | H3: Сони | I3: Сумма | J3: Сони | K3: Сумма | L3: Сони | M3: Сумма | N3: Сони | O3: Сумма | P3: Сони | Q3: Сумма | R3: Сони | S3: Сумма | T3: Сони | U3: Сумма | V3: Сони | W3: Сумма | X3: Сони | Y3: Сумма | Z3: Сони | AA3: Сумма | AB3: Сони | AC3: Сумма | AD3: Сони | AE3: Сумма
A4: Январь | B4: 393 | C4: 128161410 | D4: 159 | E4: 54581230 | F4: 573 | G4: 127638850 | H4: 60 | I4: 11090840 | J4: 68 | K4: 14072500 | L4: 212 | M4: 75296380 | N4: 90 | O4: 21169260 | P4: 40 | Q4: 10032280 | R4: 144 | S4: 29875380 | T4: 142 | U4: 29047220 | V4: 6 | W4: 2519510 | X4: 111 | Y4: 23775260 | Z4: 81 | AA4: 18504850 | AB4: 432 | AC4: 145134680 | AD4: 93 | AE4: 20428840
A5: Февраль | B5: 280 | C5: 84371130 | D5: 69 | E5: 20794540 | F5: 945 | G5: 224851440 | H5: 15 | I5: 3582380 | J5: 38 | K5: 8572500 | L5: 82 | M5: 28047020 | N5: 95 | O5: 23630330 | P5: 37 | Q5: 8684810 | R5: 50 | S5: 11934960 | T5: 205 | U5: 49185120 | V5: 3 | W5: 998990 | X5: 142 | Y5: 29655970 | Z5: 183 | AA5: 47086220 | AB5: 475 | AC5: 156561430 | AD5: 35 | AE5: 8078000
A6: Март | B6: =Худудлар!D35 -> 300 | C6: =Худудлар!E35 -> 85370650 | D6: =Худудлар!F35 -> 39 | E6: =Худудлар!G35 -> 10019510 | F6: =Худудлар!H35 -> 454 | G6: =Худудлар!I35 -> 103382420 | H6: =Худудлар!J35 -> 8 | I6: =Худудлар!K35 -> 1819320 | ... AE6: =Худудлар!AG35 -> 4075890
A7: Апрель
A8: Май
A9: Июнь
A10: Июль
A11: Август
A12: Сентябрь
A13: Октябрь
A14: Ноябрь
A15: Декабрь
A16: Жами | B16: =SUM(B4:B15) -> 973 | C16: =SUM(C4:C15) -> 297903190 | D16: =SUM(D4:D15) -> 267 | E16: =SUM(E4:E15) -> 85395280 | F16: =SUM(F4:F15) -> 1972 | G16: =SUM(G4:G15) -> 455872710 | H16: =SUM(H4:H15) -> 83 | I16: =SUM(I4:I15) -> 16492540 | ... AE16: =SUM(AE4:AE15) -> 32582730
