Workbook

Sheet Жами
A1: Чиптаҳоналардаги киоскалардан сотилган чипталар тўғрисида маълумотнома 01.01.2026-31.01.2026. йил.
A2: Кун | B2: Жами | D2: Онлайн тўлов | F2: Терминал тўлов
B3: Сони | C3: Сумма | D3: Сони | E3: Сумма | F3: Сони | G3: Сумма
A4: 46023 | B4: =Худудлар!B4 -> 72 | C4: =Худудлар!C4 -> 15030290 | D4: =B4-F4 -> 53 | E4: =C4-G4 -> 11388250 | F4: 19 | G4: 3642040
A5: 46024 | B5: =Худудлар!B5 -> 58 | C5: =Худудлар!C5 -> 10455410 | D5: =B5-F5 -> 44 | E5: =C5-G5 -> 7222600 | F5: 14 | G5: 3232810
A6: 46025 | B6: =Худудлар!B6 -> 56 | C6: =Худудлар!C6 -> 10876490 | D6: =B6-F6 -> 33 | E6: =C6-G6 -> 5817730 | F6: 23 | G6: 5058760
A7: 46026 | B7: =Худудлар!B7 -> 32 | C7: =Худудлар!C7 -> 7944390 | D7: =B7-F7 -> 22 | E7: =C7-G7 -> 5680730 | F7: 10 | G7: 2263660
A8: 46027 | B8: =Худудлар!B8 -> 128 | C8: =Худудлар!C8 -> 29175410 | D8: =B8-F8 -> 73 | E8: =C8-G8 -> 18556090 | F8: 55 | G8: 10619320
A9: 46028 | B9: =Худудлар!B9 -> 100 | C9: =Худудлар!C9 -> 28506970 | D9: =B9-F9 -> 55 | E9: =C9-G9 -> 18802460 | F9: 45 | G9: 9704510
A10: 46029 | B10: =Худудлар!B10 -> 94 | C10: =Худудлар!C10 -> 20236280 | D10: =B10-F10 -> 72 | E10: =C10-G10 -> 15298090 | F10: 22 | G10: 4938190
A11: 46030 | B11: =Худудлар!B11 -> 52 | C11: =Худудлар!C11 -> 12277550 | D11: =B11-F11 -> 42 | E11: =C11-G11 -> 9768480 | F11: 10 | G11: 2509070
A12: 46031 | B12: =Худудлар!B12 -> 105 | C12: =Худудлар!C12 -> 24903050 | D12: =B12-F12 -> 75 | E12: =C12-G12 -> 17353320 | F12: 30 | G12: 7549730
A13: 46032 | B13: =Худудлар!B13 -> 56 | C13: =Худудлар!C13 -> 10966390 | D13: =B13-F13 -> 39 | E13: =C13-G13 -> 7536800 | F13: 17 | G13: 3429590
A14: 46033 | B14: =Худудлар!B14 -> 56 | C14: =Худудлар!C14 -> 16259880 | D14: =B14-F14 -> 39 | E14: =C14-G14 -> 12110650 | F14: 17 | G14: 4149230
A15: 46034 | B15: =Худудлар!B15 -> 38 | C15: =Худудлар!C15 -> 9764880 | D15: =B15-F15 -> 15 | E15: =C15-G15 -> 4966010 | F15: 23 | G15: 4798870
... A34: 46053 | B34: =Худудлар!B34 -> 51 | C34: =Худудлар!C34 -> 20202340 | D34: =B34-F34 -> 20 | E34: =C34-G34 -> 10146550 | F34: 31 | G34: 10055790
A35: Жами | B35: =SUM(B4:B34) -> 2604 | C35: =SUM(C4:C34) -> 711328490 | D35: =SUM(D4:D34) -> 1320 | E35: =SUM(E4:E34) -> 405426880 | F35: =SUM(F4:F34) -> 1284 | G35: =SUM(G4:G34) -> 305901610

Sheet Худудлар
A1: Кун | B1: Жами | D1: Чиптаҳоналардаги киоскалардан сотилган чипталар тўғрисида маълумотнома 01.01.2026-31.01.2026. йил.
D2: Тошкент Марказий | F2: Тошкент Жанубий | H2: Самарканд | J2: Навои | L2: Бухоро | N2: Нукус | P2: Ургенч | R2: Хива | T2: Карши | V2: Термез | X2: Кунгрод | Z2: Андижон | AB2: Қўқон | AD2: Марғилон | AF2: Наманган
B3: Сони | C3: Сумма | D3: Сони | E3: Сумма | F3: Сони | G3: Сумма | H3: Сони | I3: Сумма | J3: Сони | K3: Сумма | L3: Сони | M3: Сумма | N3: Сони | O3: Сумма | P3: Сони | Q3: Сумма | R3: Сони | S3: Сумма | T3: Сони | U3: Сумма | V3: Сони | W3: Сумма | X3: Сони | Y3: Сумма | Z3: Сони | AA3: Сумма | AB3: Сони | AC3: Сумма | AD3: Сони | AE3: Сумма | AF3: Сони | AG3: Сумма
A4: 46023 | B4: =D4+F4+H4+J4+L4+N4+P4+R4+T4+V4+X4+Z4+AB4+AD4+AF4 -> 72 | C4: =E4+G4+I4+K4+M4+O4+Q4+S4+U4+W4+Y4+AA4+AC4+AE4+AG4 -> 15030290 | D4: 8 | E4: 2594480 | F4: 10 | G4: 1314100 | H4: 3 | I4: 409710 | J4: 3 | K4: 306060 | L4: 6 | M4: 716940 | N4: 0 | O4: 0 | P4: 9 | Q4: 1969020 | R4: 0 | S4: 0 | T4: 3 | U4: 361670 | V4: 1 | W4: 216700 | X4: 0 | Y4: 0 | Z4: 7 | AA4: 1160320 | AB4: 0 | AC4: 0 | AD4: 18 | AE4: 5270570 | AF4: 4 | AG4: 710720
A5: 46024 | B5: =D5+F5+H5+J5+L5+N5+P5+R5+T5+V5+X5+Z5+AB5+AD5+AF5 -> 58 | C5: =E5+G5+I5+K5+M5+O5+Q5+S5+U5+W5+Y5+AA5+AC5+AE5+AG5 -> 10455410 | D5: 12 | E5: 2421360 | F5: 7 | G5: 1165780 | H5: 2 | I5: 457220 | J5: 8 | K5: 992600 | L5: 2 | M5: 302850 | N5: 0 | O5: 0 | P5: 0 | Q5: 0 | R5: 0 | S5: 0 | T5: 7 | U5: 731220 | V5: 2 | W5: 159740 | X5: 0 | Y5: 0 | Z5: 2 | AA5: 654270 | AB5: 2 | AC5: 575100 | AD5: 13 | AE5: 2930900 | AF5: 1 | AG5: 64370
A6: 46025 | B6: =D6+F6+H6+J6+L6+N6+P6+R6+T6+V6+X6+Z6+AB6+AD6+AF6 -> 56 | C6: =E6+G6+I6+K6+M6+O6+Q6+S6+U6+W6+Y6+AA6+AC6+AE6+AG6 -> 10876490 | D6: 20 | E6: 3815870 | F6: 4 | G6: 862250 | H6: 3 | I6: 444830 | J6: 3 | K6: 415810 | L6: 4 | M6: 707710 | N6: 1 | O6: 965260 | P6: 0 | Q6: 0 | R6: 3 | S6: 395720 | T6: 2 | U6: 699000 | V6: 3 | W6: 459180 | X6: 0 | Y6: 0 | Z6: 8 | AA6: 1578860 | AB6: 0 | AC6: 0 | AD6: 0 | AE6: 0 | AF6: 5 | AG6: 532000
A7: 46026 | B7: =D7+F7+H7+J7+L7+N7+P7+R7+T7+V7+X7+Z7+AB7+AD7+AF7 -> 32 | C7: =E7+G7+I7+K7+M7+O7+Q7+S7+U7+W7+Y7+AA7+AC7+AE7+AG7 -> 7944390 | D7: 0 | E7: 0 | F7: 1 | G7: 71650 | H7: 1 | I7: 93600 | J7: 0 | K7: 0 | L7: 4 | M7: 1074000 | N7: 11 | O7: 3437170 | P7: 5 | Q7: 1466460 | R7: 0 | S7: 0 | T7: 0 | U7: 0 | V7: 3 | W7: 203850 | X7: 1 | Y7: 548140 | Z7: 5 | AA7: 818490 | AB7: 0 | AC7: 0 | AD7: 1 | AE7: 231030 | AF7: 0 | AG7: 0
A8: 46027 | B8: =D8+F8+H8+J8+L8+N8+P8+R8+T8+V8+X8+Z8+AB8+AD8+AF8 -> 128 | C8: =E8+G8+I8+K8+M8+O8+Q8+S8+U8+W8+Y8+AA8+AC8+AE8+AG8 -> 29175410 | D8: 24 | E8: 5229820 | F8: 3 | G8: 423070 | H8: 10 | I8: 2610420 | J8: 2 | K8: 330160 | L8: 9 | M8: 2775790 | N8: 3 | O8: 618500 | R8: 0 | S8: 0 | T8: 15 | U8: 1418210 | V8: 10 | W8: 1744200 | X8: 0 | Y8: 0 | Z8: 20 | AA8: 3673310 | AB8: 1 | AC8: 216700 | AD8: 26 | AE8: 9663040 | AF8: 5 | AG8: 472190
A9: 46028 | B9: =D9+F9+H9+J9+L9+N9+P9+R9+T9+V9+X9+Z9+AB9+AD9+AF9 -> 100 | C9: =E9+G9+I9+K9+M9+O9+Q9+S9+U9+W9+Y9+AA9+AC9+AE9+AG9 -> 28506970 | D9: 14 | E9: 2377670 | F9: 7 | G9: 1528310 | H9: 2 | I9: 178090 | J9: 4 | K9: 723500 | L9: 2 | M9: 264140 | N9: 0 | O9: 0 | P9: 11 | Q9: 2484010 | R9: 3 | S9: 629760 | T9: 6 | U9: 1260940 | V9: 2 | W9: 218470 | X9: 0 | Y9: 0 | Z9: 7 | AA9: 1825320 | AB9: 10 | AC9: 2267550 | AD9: 27 | AE9: 13714560 | AF9: 5 | AG9: 1034650
A10: 46029 | B10: =D10+F10+H10+J10+L10+N10+P10+R10+T10+V10+X10+Z10+AB10+AD10+AF10 -> 94 | C10: =E10+G10+I10+K10+M10+O10+Q10+S10+U10+W10+Y10+AA10+AC10+AE10+AG10 -> 20236280 | D10: 18 | E10: 5092850 | F10: 7 | G10: 2414450 | H10: 10 | I10: 1654600 | J10: 1 | K10: 58110 | L10: 3 | M10: 738120 | N10: 4 | O10: 789120 | P10: 2 | Q10: 340300 | R10: 8 | S10: 1759320 | T10: 16 | U10: 2413120 | V10: 9 | W10: 1208310 | X10: 1 | Y10: 338630 | Z10: 1 | AA10: 99120 | AB10: 3 | AC10: 312560 | AD10: 8 | AE10: 2495360 | AF10: 3 | AG10: 522310
A11: 46030 | B11: =D11+F11+H11+J11+L11+N11+P11+R11+T11+V11+X11+Z11+AB11+AD11+AF11 -> 52 | C11: =E11+G11+I11+K11+M11+O11+Q11+S11+U11+W11+Y11+AA11+AC11+AE11+AG11 -> 12277550 | D11: 8 | E11: 3837470 | F11: 5 | G11: 1019390 | H11: 4 | I11: 831740 | J11: 7 | K11: 1126920 | L11: 3 | M11: 368300 | N11: 1 | O11: 243750 | P11: 1 | Q11: 676520 | R11: 2 | S11: 518080 | T11: 16 | U11: 2556730 | V11: 3 | W11: 581430 | X11: 2 | Y11: 517220 | Z11: 0 | AA11: 0 | AB11: 0 | AC11: 0 | AD11: 0 | AE11: 0 | AF11: 0 | AG11: 0
A12: 46031 | B12: =D12+F12+H12+J12+L12+N12+P12+R12+T12+V12+X12+Z12+AB12+AD12+AF12 -> 105 | C12: =E12+G12+I12+K12+M12+O12+Q12+S12+U12+W12+Y12+AA12+AC12+AE12+AG12 -> 24903050 | D12: 15 | E12: 3612780 | F12: 11 | G12: 1838050 | H12: 5 | I12: 967660 | J12: 3 | K12: 346230 | L12: 2 | M12: 321330 | N12: 6 | O12: 1418330 | P12: 11 | Q12: 2796540 | R12: 4 | S12: 2182730 | T12: 8 | U12: 851380 | V12: 6 | W12: 1434130 | X12: 1 | Y12: 430580 | Z12: 8 | AA12: 1983210 | AB12: 2 | AC12: 332240 | AD12: 16 | AE12: 5092160 | AF12: 7 | AG12: 1295700
A13: 46032 | B13: =D13+F13+H13+J13+L13+N13+P13+R13+T13+V13+X13+Z13+AB13+AD13+AF13 -> 56 | C13: =E13+G13+I13+K13+M13+O13+Q13+S13+U13+W13+Y13+AA13+AC13+AE13+AG13 -> 10966390 | D13: 6 | E13: 1255840 | F13: 0 | G13: 0 | H13: 2 | I13: 348970 | J13: 4 | K13: 582190 | L13: 7 | M13: 1358240 | N13: 0 | O13: 0 | P13: 14 | Q13: 2662520 | R13: 5 | S13: 1189840 | T13: 1 | U13: 67950 | V13: 4 | W13: 420550 | X13: 0 | Y13: 0 | Z13: 3 | AA13: 618510 | AB13: 0 | AC13: 0 | AD13: 7 | AE13: 1633420 | AF13: 3 | AG13: 828360
A14: 46033 | B14: =D14+F14+H14+J14+L14+N14+P14+R14+T14+V14+X14+Z14+AB14+AD14+AF14 -> 56 | C14: =E14+G14+I14+K14+M14+O14+Q14+S14+U14+W14+Y14+AA14+AC14+AE14+AG14 -> 16259880 | D14: 7 | E14: 2166300 | F14: 8 | G14: 5067640 | H14: 0 | I14: 0 | J14: 2 | K14: 439420 | L14: 3 | M14: 533970 | N14: 1 | O14: 599480 | P14: 4 | Q14: 548280 | R14: 6 | S14: 1399130 | T14: 11 | U14: 1697440 | V14: 5 | W14: 1346030 | X14: 0 | Y14: 0 | Z14: 3 | AA14: 631980 | AB14: 0 | AC14: 0 | AD14: 5 | AE14: 1437750 | AF14: 1 | AG14: 392460
A15: 46034 | B15: =D15+F15+H15+J15+L15+N15+P15+R15+T15+V15+X15+Z15+AB15+AD15+AF15 -> 38 | C15: =E15+G15+I15+K15+M15+O15+Q15+S15+U15+W15+Y15+AA15+AC15+AE15+AG15 -> 9764880 | D15: 2 | E15: 402720 | F15: 4 | G15: 982360 | H15: 19 | I15: 4134380 | J15: 0 | K15: 0 | L15: 0 | M15: 0 | N15: 0 | O15: 0 | P15: 2 | Q15: 342940 | R15: 0 | S15: 0 | T15: 0 | U15: 0 | V15: 5 | W15: 1314220 | X15: 0 | Y15: 0 | Z15: 2 | AA15: 356260 | AB15: 0 | AC15: 0 | AD15: 4 | AE15: 2232000 | AF15: 0 | AG15: 0
A16: 46035 | B16: =D16+F16+H16+J16+L16+N16+P16+R16+T16+V16+X16+Z16+AB16+AD16+AF16 -> 62 | C16: =E16+G16+I16+K16+M16+O16+Q16+S16+U16+W16+Y16+AA16+AC16+AE16+AG16 -> 14990680 | D16: 6 | E16: 1824340 | F16: 0 | G16: 0 | H16: 18 | I16: 3617510 | J16: 0 | K16: 0 | L16: 0 | M16: 0 | N16: 1 | O16: 258610 | P16: 0 | Q16: 0 | R16: 0 | S16: 0 | T16: 0 | U16: 0 | V16: 1 | W16: 216700 | X16: 0 | Y16: 0 | Z16: 0 | AA16: 0 | AB16: 10 | AC16: 2227610 | AD16: 26 | AE16: 6845910 | AF16: 0 | AG16: 0
A17: 46036 | B17: =D17+F17+H17+J17+L17+N17+P17+R17+T17+V17+X17+Z17+AB17+AD17+AF17 -> 88 | C17: =E17+G17+I17+K17+M17+O17+Q17+S17+U17+W17+Y17+AA17+AC17+AE17+AG17 -> 25001230 | D17: 0 | E17: 0 | F17: 4 | G17: 658060 | H17: 24 | I17: 5147570 | J17: 4 | K17: 975600 | L17: 2 | M17: 617570 | N17: 7 | O17: 2548590 | P17: 3 | Q17: 735420 | R17: 1 | S17: 157100 | T17: 3 | U17: 916810 | V17: 10 | W17: 2765790 | X17: 0 | Y17: 0 | Z17: 0 | AA17: 0 | AB17: 5 | AC17: 1024800 | AD17: 25 | AE17: 9453920 | AF17: 0 | AG17: 0
A18: 46037 | B18: =D18+F18+H18+J18+L18+N18+P18+R18+T18+V18+X18+Z18+AB18+AD18+AF18 -> 47 | C18: =E18+G18+I18+K18+M18+O18+Q18+S18+U18+W18+Y18+AA18+AC18+AE18+AG18 -> 19142910 | D18: 8 | E18: 9369000 | F18: 4 | G18: 1224650 | H18: 2 | I18: 540000 | J18: 1 | K18: 136100 | L18: 0 | M18: 0 | N18: 21 | O18: 4598400 | P18: 1 | Q18: 245140 | R18: 0 | S18: 0 | T18: 0 | U18: 0 | V18: 4 | W18: 976010 | X18: 0 | Y18: 0 | Z18: 0 | AA18: 0 | AB18: 1 | AC18: 216700 | AD18: 2 | AE18: 1322000 | AF18: 3 | AG18: 514910
A19: 46038 | B19: =D19+F19+H19+J19+L19+N19+P19+R19+T19+V19+X19+Z19+AB19+AD19+AF19 -> 62 | C19: =E19+G19+I19+K19+M19+O19+Q19+S19+U19+W19+Y19+AA19+AC19+AE19+AG19 -> 20624920 | D19: 29 | E19: 12671140 | F19: 2 | G19: 386240 | H19: 6 | I19: 1141020 | J19: 0 | K19: 0 | L19: 1 | M19: 329630 | N19: 1 | O19: 282480 | P19: 2 | Q19: 490280 | R19: 0 | S19: 0 | T19: 0 | U19: 0 | V19: 4 | W19: 866800 | X19: 0 | Y19: 0 | Z19: 0 | AA19: 0 | AB19: 2 | AC19: 332240 | AD19: 11 | AE19: 3254210 | AF19: 4 | AG19: 870880
A20: 46039 | B20: =D20+F20+H20+J20+L20+N20+P20+R20+T20+V20+X20+Z20+AB20+AD20+AF20 -> 50 | C20: =E20+G20+I20+K20+M20+O20+Q20+S20+U20+W20+Y20+AA20+AC20+AE20+AG20 -> 14036790 | D20: 15 | E20: 3816310 | F20: 3 | G20: 651880 | H20: 7 | I20: 1677310 | J20: 1 | K20: 372000 | L20: 3 | M20: 618500 | N20: 5 | O20: 1284570 | P20: 0 | Q20: 0 | R20: 0 | S20: 0 | T20: 2 | U20: 591710 | V20: 1 | W20: 136460 | X20: 0 | Y20: 0 | Z20: 0 | AA20: 0 | AB20: 1 | AC20: 1948970 | AD20: 11 | AE20: 2736160 | AF20: 1 | AG20: 202920
... A23: 46042 | B23: =D23+F23+H23+J23+L23+N23+P23+R23+T23+V23+X23+Z23+AB23+AD23+AF23 -> 45 | C23: =E23+G23+I23+K23+M23+O23+Q23+S23+U23+W23+Y23+AA23+AC23+AE23+AG23 -> 14174070 | D23: 3 | E23: 1567910 | F23: 8 | G23: 2280500 | H23: 15 | I23: 3207870 | J23: 0 | K23: 0 | L23: 1 | M23: 157100 | N23: 5 | O23: 1393700 | P23: 8 | Q23: 1945290 | R23: 0 | S23: 0 | T23: 3 | U23: 607500 | V23: 0 | W23: 0 | X23: 0 | Y23: 0 | Z23: 0 | AA23: 0 | AB23: 0 | AC23: 0 | AD23: 1 | AE23: 2770450 | AF23: 1 | AG23: 243750
A24: 46043 | B24: =D24+F24+H24+J24+L24+N24+P24+R24+T24+V24+X24+Z24+AB24+AD24+AF24 -> 90 | C24: =E24+G24+I24+K24+M24+O24+Q24+S24+U24+W24+Y24+AA24+AC24+AE24+AG24 -> 35965350 | D24: 22 | E24: 13019700 | F24: 1 | G24: 443000 | H24: 19 | I24: 4333870 | J24: 0 | K24: 0 | L24: 4 | M24: 421740 | N24: 11 | O24: 3984380 | P24: 0 | Q24: 0 | R24: 1 | S24: 245140 | T24: 4 | U24: 878840 | V24: 0 | W24: 0 | X24: 0 | Y24: 0 | AB24: 1 | AC24: 272940 | AD24: 26 | AE24: 12092800 | AF24: 1 | AG24: 272940
A25: 46044 | B25: =D25+F25+H25+J25+L25+N25+P25+R25+T25+V25+X25+Z25+AB25+AD25+AF25 -> 238 | C25: =E25+G25+I25+K25+M25+O25+Q25+S25+U25+W25+Y25+AA25+AC25+AE25+AG25 -> 52765460 | D25: 41 | E25: 10765440 | F25: 19 | G25: 5073300 | H25: 82 | I25: 16758430 | J25: 7 | K25: 1537970 | L25: 4 | M25: 600360 | N25: 13 | O25: 3668880 | P25: 0 | Q25: 0 | R25: 0 | S25: 0 | T25: 0 | U25: 0 | V25: 4 | W25: 715580 | X25: 0 | Y25: 0 | Z25: 0 | AA25: 0 | AB25: 23 | AC25: 4544400 | AD25: 41 | AE25: 8390380 | AF25: 4 | AG25: 710720
A26: 46045 | B26: =D26+F26+H26+J26+L26+N26+P26+R26+T26+V26+X26+Z26+AB26+AD26+AF26 -> 160 | C26: =E26+G26+I26+K26+M26+O26+Q26+S26+U26+W26+Y26+AA26+AC26+AE26+AG26 -> 41789030 | D26: 21 | E26: 5246490 | F26: 9 | G26: 1969640 | H26: 42 | I26: 9661380 | J26: 0 | K26: 0 | L26: 0 | M26: 0 | N26: 12 | O26: 7626810 | P26: 1 | Q26: 157100 | R26: 0 | S26: 0 | T26: 11 | U26: 2322300 | V26: 11 | W26: 2570630 | X26: 0 | Y26: 0 | Z26: 0 | AA26: 0 | AB26: 0 | AC26: 0 | AD26: 38 | AE26: 9053330 | AF26: 15 | AG26: 3181350
A27: 46046 | B27: =D27+F27+H27+J27+L27+N27+P27+R27+T27+V27+X27+Z27+AB27+AD27+AF27 -> 71 | C27: =E27+G27+I27+K27+M27+O27+Q27+S27+U27+W27+Y27+AA27+AC27+AE27+AG27 -> 26660850 | D27: 1 | E27: 246040 | F27: 3 | G27: 611510 | H27: 12 | I27: 2654730 | J27: 0 | K27: 0 | L27: 0 | M27: 0 | N27: 30 | O27: 13193880 | P27: 2 | Q27: 510640 | R27: 6 | S27: 1352540 | T27: 10 | U27: 4343630 | V27: 1 | W27: 105030 | X27: 0 | Y27: 0 | Z27: 0 | AA27: 0 | AB27: 1 | AC27: 202920 | AD27: 5 | AE27: 3439930 | AF27: 0 | AG27: 0
A28: 46047 | B28: =D28+F28+H28+J28+L28+N28+P28+R28+T28+V28+X28+Z28+AB28+AD28+AF28 -> 47 | C28: =E28+G28+I28+K28+M28+O28+Q28+S28+U28+W28+Y28+AA28+AC28+AE28+AG28 -> 16863470 | D28: 17 | E28: 4934790 | F28: 5 | G28: 3853380 | H28: 0 | I28: 0 | J28: 2 | K28: 443600 | L28: 0 | M28: 0 | N28: 3 | O28: 2263060 | P28: 1 | Q28: 245140 | R28: 1 | S28: 202920 | T28: 0 | U28: 0 | V28: 2 | W28: 517220 | X28: 0 | Y28: 0 | AA28: 0 | AB28: 4 | AC28: 830680 | AD28: 11 | AE28: 3355980 | AF28: 1 | AG28: 216700
A29: 46048 | B29: =D29+F29+H29+J29+L29+N29+P29+R29+T29+V29+X29+Z29+AB29+AD29+AF29 -> 134 | C29: =E29+G29+I29+K29+M29+O29+Q29+S29+U29+W29+Y29+AA29+AC29+AE29+AG29 -> 34012060 | D29: 9 | E29: 2302610 | F29: 3 | G29: 601400 | H29: 65 | I29: 13208090 | J29: 2 | K29: 591710 | L29: 0 | M29: 0 | N29: 8 | O29: 5788530 | P29: 1 | Q29: 245140 | R29: 0 | S29: 0 | T29: 0 | U29: 0 | V29: 10 | W29: 2359270 | X29: 0 | Y29: 0 | Z29: 2 | AA29: 422870 | AB29: 0 | AC29: 0 | AD29: 32 | AE29: 8122240 | AF29: 2 | AG29: 370200
A30: 46049 | B30: =D30+F30+H30+J30+L30+N30+P30+R30+T30+V30+X30+Z30+AB30+AD30+AF30 -> 137 | C30: =E30+G30+I30+K30+M30+O30+Q30+S30+U30+W30+Y30+AA30+AC30+AE30+AG30 -> 34930800 | D30: 25 | E30: 6050170 | F30: 5 | G30: 837460 | H30: 56 | I30: 13534240 | J30: 0 | K30: 0 | L30: 0 | M30: 0 | N30: 7 | O30: 2586760 | P30: 3 | Q30: 786000 | R30: 0 | S30: 0 | T30: 2 | U30: 293310 | V30: 3 | W30: 514270 | X30: 0 | Y30: 0 | Z30: 14 | AA30: 3400880 | AB30: 1 | AC30: 202920 | AD30: 14 | AE30: 5366990 | AF30: 7 | AG30: 1357800
A31: 46050 | B31: =D31+F31+H31+J31+L31+N31+P31+R31+T31+V31+X31+Z31+AB31+AD31+AF31 -> 109 | C31: =E31+G31+I31+K31+M31+O31+Q31+S31+U31+W31+Y31+AA31+AC31+AE31+AG31 -> 29743210 | D31: 9 | E31: 2245450 | F31: 1 | G31: 3268430 | H31: 33 | I31: 6324510 | J31: 0 | K31: 0 | L31: 0 | M31: 0 | N31: 20 | O31: 4611460 | P31: 1 | Q31: 348550 | R31: 0 | S31: 0 | T31: 12 | U31: 4311710 | V31: 0 | W31: 0 | X31: 0 | Y31: 0 | Z31: 16 | AA31: 3227010 | AB31: 6 | AC31: 1384420 | AD31: 10 | AE31: 3850200 | AF31: 1 | AG31: 171470
A32: 46051 | B32: =D32+F32+H32+J32+L32+N32+P32+R32+T32+V32+X32+Z32+AB32+AD32+AF32 -> 120 | C32: =E32+G32+I32+K32+M32+O32+Q32+S32+U32+W32+Y32+AA32+AC32+AE32+AG32 -> 32552710 | D32: 9 | E32: 2793480 | F32: 3 | G32: 5954250 | H32: 33 | I32: 6564580 | J32: 3 | K32: 711260 | L32: 3 | M32: 743630 | N32: 11 | O32: 2664220 | P32: 2 | Q32: 465220 | R32: 0 | S32: 0 | T32: 2 | U32: 744000 | V32: 25 | W32: 5393330 | X32: 0 | Y32: 0 | Z32: 6 | AA32: 1426740 | AB32: 1 | AC32: 166120 | AD32: 20 | AE32: 4492480 | AF32: 2 | AG32: 433400
A33: 46052 | B33: =D33+F33+H33+J33+L33+N33+P33+R33+T33+V33+X33+Z33+AB33+AD33+AF33 -> 108 | C33: =E33+G33+I33+K33+M33+O33+Q33+S33+U33+W33+Y33+AA33+AC33+AE33+AG33 -> 33002220 | D33: 3 | E33: 513360 | F33: 3 | G33: 769450 | H33: 42 | I33: 11833940 | J33: 0 | K33: 0 | L33: 3 | M33: 930500 | N33: 12 | O33: 4412100 | P33: 5 | Q33: 1463610 | R33: 0 | S33: 0 | T33: 1 | U33: 219710 | V33: 10 | W33: 1692780 | X33: 1 | Y33: 684940 | Z33: 5 | AA33: 1383570 | AB33: 0 | AC33: 0 | AD33: 23 | AE33: 9098260 | AF33: 0 | AG33: 0
A34: 46053 | B34: =D34+F34+H34+J34+L34+N34+P34+R34+T34+V34+X34+Z34+AB34+AD34+AF34 -> 51 | C34: =E34+G34+I34+K34+M34+O34+Q34+S34+U34+W34+Y34+AA34+AC34+AE34+AG34 -> 20202340 | D34: 19 | E34: 7490490 | F34: 5 | G34: 1537180 | H34: 9 | I34: 1766020 | J34: 0 | K34: 0 | L34: 0 | M34: 0 | N34: 5 | O34: 2234410 | P34: 0 | Q34: 0 | R34: 0 | S34: 0 | T34: 1 | U34: 232610 | V34: 0 | W34: 0 | X34: 0 | Y34: 0 | Z34: 2 | AA34: 514540 | AB34: 2 | AC34: 319390 | AD34: 6 | AE34: 3861950 | AF34: 2 | AG34: 2245750
A35: Жами | B35: =SUM(B4:B34) -> 2604 | C35: =SUM(C4:C34) -> 711328490 | D35: =SUM(D4:D34) -> 393 | E35: =SUM(E4:E34) -> 128161410 | F35: =SUM(F4:F34) -> 159 | G35: =SUM(G4:G34) -> 54581230 | H35: =SUM(H4:H34) -> 573 | I35: =SUM(I4:I34) -> 127638850 | ... AG35: =SUM(AG4:AG34) -> 20428840

Sheet Лист1
A1: Инфокиоскалардан 1-Январьдан 31-Январь кунига қадар сотилган чипталар тўғрисида маълумотнома (худудлар кесимида (сумма))
A2: № | B2: Худуд | C2: Сони | D2: Сумма
A3: 1 | B3: Марғилон | C3: =Худудлар!AD35 -> 432 | D3: =Худудлар!AE35 -> 145134680
A4: 2 | B4: Тошкент Шимолий | C4: =Худудлар!D35 -> 393 | D4: =Худудлар!E35 -> 128161410
A5: 3 | B5: Самарқанд | C5: =Худудлар!H35 -> 573 | D5: =Худудлар!I35 -> 127638850
A6: 4 | B6: Нукус | C6: =Худудлар!N35 -> 212 | D6: =Худудлар!O35 -> 75296380
A7: 5 | B7: Тошкент Жанубий | C7: =Худудлар!F35 -> 159 | D7: =Худудлар!G35 -> 54581230
A8: 6 | B8: Карши | C8: =Худудлар!T35 -> 144 | D8: =Худудлар!U35 -> 29875380
A9: 7 | B9: Термиз | C9: =Худудлар!V35 -> 142 | D9: =Худудлар!W35 -> 29047220
A10: 8 | B10: Андижон | C10: =Худудлар!Z35 -> 111 | D10: =Худудлар!AA35 -> 23775260
A11: 9 | B11: Урганч | C11: =Худудлар!P35 -> 90 | D11: =Худудлар!Q35 -> 21169260
A12: 10 | B12: Наманган | C12: =Худудлар!AF35 -> 93 | D12: =Худудлар!AG35 -> 20428840
A13: 11 | B13: Қўқон | C13: =Худудлар!AB35 -> 81 | D13: =Худудлар!AC35 -> 18504850
A14: 12 | B14: Бухоро | C14: =Худудлар!L35 -> 68 | D14: =Худудлар!M35 -> 14072500
A15: 13 | B15: Навои | C15: =Худудлар!J35 -> 60 | D15: =Худудлар!K35 -> 11090840
A16: 14 | B16: Хива | C16: =Худудлар!R35 -> 40 | D16: =Худудлар!S35 -> 10032280
A17: 15 | B17: Қўнғрод | C17: =Худудлар!X35 -> 6 | D17: =Худудлар!Y35 -> 2519510
A19: Жами: | C19: =SUM(C3:C17) -> 2604 | D19: =SUM(D3:D17) -> 711328490
A21: Инфокиоскалардан 1-Январьдан 31-Январь кунига қадар сотилган чипталар тўғрисида маълумотнома (худудлар кесимида (сотилган чипталар сони))
A22: № | B22: Худуд | C22: Сони | D22: Сумма
A23: 1 | B23: Самарқанд | C23: =Худудлар!H35 -> 573 | D23: =Худудлар!I35 -> 127638850
A24: 2 | B24: Марғилон | C24: =Худудлар!AD35 -> 432 | D24: =Худудлар!AE35 -> 145134680
A25: 3 | B25: Тошкент Шимолий | C25: =Худудлар!D35 -> 393 | D25: =Худудлар!E35 -> 128161410
A26: 4 | B26: Нукус | C26: =Худудлар!N35 -> 212 | D26: =Худудлар!O35 -> 75296380
A27: 5 | B27: Тошкент Жанубий | C27: =Худудлар!F35 -> 159 | D27: =Худудлар!G35 -> 54581230
A28: 6 | B28: Карши | C28: =Худудлар!T35 -> 144 | D28: =Худудлар!U35 -> 29875380
A29: 7 | B29: Термиз | C29: =Худудлар!V35 -> 142 | D29: =Худудлар!W35 -> 29047220
A30: 8 | B30: Андижон | C30: =Худудлар!Z35 -> 111 | D30: =Худудлар!AA35 -> 23775260
A31: 9 | B31: Наманган | C31: =Худудлар!AF35 -> 93 | D31: =Худудлар!AG35 -> 20428840
A32: 10 | B32: Урганч | C32: =Худудлар!P35 -> 90 | D32: =Худудлар!Q35 -> 21169260
A33: 11 | B33: Қўқон | C33: =Худудлар!AB35 -> 81 | D33: =Худудлар!AC35 -> 18504850
A34: 12 | B34: Бухоро | C34: =Худудлар!L35 -> 68 | D34: =Худудлар!M35 -> 14072500
A35: 13 | B35: Навои | C35: =Худудлар!J35 -> 60 | D35: =Худудлар!K35 -> 11090840
A36: 14 | B36: Хива | C36: =Худудлар!R35 -> 40 | D36: =Худудлар!S35 -> 10032280
A37: 15 | B37: Қўнғрод | C37: =Худудлар!X35 -> 6 | D37: =Худудлар!Y35 -> 2519510
A38: Жами: | C38: =SUM(C23:C37) -> 2604 | D38: =SUM(D23:D37) -> 711328490
